sku,category,id,ean,name,launch,available,price
70791,LEGO® Bionicle,,,Le Crâne guerrier,,,14.99
70792,LEGO® Bionicle,,,Le Crâne trancheur,,,14.99
70793,LEGO® Bionicle,,,Le Crâne découpeur,,,14.99
70794,LEGO® Bionicle,,,Le Crâne scorpion,,,14.99
70795,LEGO® Bionicle,,,Le Créateur de masque contre le Crâne broyeur,,,29.99
71300,Bionicle,,,Uxar Creature of Jungle,,,9.99
71301,Bionicle,,,Ketar Creature of Stone,,,9.99
71302,Bionicle,,,Akida Creature of Water,,,9.99
71303,Bionicle,,,Ikir Creature of Fire,,,9.99
71304,Bionicle,,,Terak Creature of Earth,,,9.99
71305,Bionicle,,,Lewa Uniter of Jungle,,,14.99
71306,Bionicle,,,Pohatu Uniter of Stone,,,14.99
71307,Bionicle,,,Gali Uniter of Water,,,14.99
71308,Bionicle,,,Tahu Uniter of Fire,,,19.99
71309,Bionicle,,,Onua Uniter of Earth,,,19.99
71310,Bionicle,,,Umarak the Hunter,,,19.99
71311,Bionicle,,,Kopaka and Melum - Unity set,,,24.99
71312,Bionicle,,,Ekimu the Mask Maker,,,14.99
71313,Bionicle,,,Lava Beast,,,14.99
71314,Bionicle,,,Storm Beast,,,14.99
71315,Bionicle,,,Quake Beast,,,14.99
71316,Bionicle,,,Umarak the Destroyer,,,24.99
75107,LEGO® Star WarsTM,,,Jango Fett™,,,19.99
75108,LEGO® Star WarsTM,,,Commandant Clone Cody™,,,19.99
75109,LEGO® Star WarsTM,,,Obi-Wan Kenobi™,,,24.99
75110,LEGO® Star WarsTM,,,Luke Skywalker™,,,19.99
75111,LEGO® Star WarsTM,,,Darth Vader™,,,29.99
75112,LEGO® Star WarsTM,,,Général Grievous™,,,34.99
75113,Constraction Star Wars,,,Rey,,,19.99
75114,Constraction Star Wars,,,First Order Stormtrooper™,,,19.99
75115,Constraction Star Wars,,,Poe Dameron™,,,24.99
75116,Constraction Star Wars,,,Finn,,,24.99
75117,Constraction Star Wars,,,Kylo Ren™,,,24.99
75118,Constraction Star Wars,,,Captain Phasma™,,,24.99
75119,Constraction Star Wars,,,Constraction 2016_7,,,24.99
75120,Constraction Star Wars,,,Constraction 2016_8,,,24.99
75121,Constraction Star Wars,,,Constraction 2016_9,,,24.99
10667,LEGO® Juniors,,,Boîte de construction du chantier,,,17.99
10673,LEGO® Juniors,,,Grande boîte du rallye automobile,,,29.99
10674,LEGO® Juniors,,,Grande boîte du centre équestre,,,29.99
10680,LEGO® Juniors,,,Le camion poubelle,,,19.99
10683,LEGO® Juniors,,,Le camion de chantier,,,19.99
10684,LEGO® Juniors,,,La valise Supermarché,,,26.99
10685,LEGO® Juniors,,,La valise Pompiers,,,26.99
10686,LEGO® Juniors,,,La maison,,,34.99
10687,LEGO® Juniors,,,La cachette de Spider-Man™,,,34.99
10720,Juniors,,,Police Helicopter Chase,,,9.99
10721,Juniors,,,Iron Man vs. Loki,,,12.99
10722,Juniors,,,Snake Showdown,,,14.99
10723,Juniors,,,Ariel’s Dolphin Carriage,,,14.99
10724,Juniors,,,Batman™ & Superman™ vs. Lex Luthor™,,,19.99
10725,Juniors,,,Lost Temple,,,34.99
10726,Juniors,,,Stephanie’s Horse Carriage,,,12.99
10727,Juniors,,,Emma’s Ice Cream Truck,,,19.99
10728,Juniors,,,Mia’s Vet Clinic,,,29.99
10729,Juniors,,,Cinderella’s Carriage,,,26.99
10654,LEGO Classic,,,TRU Exclusive,,,0
10682,LEGO Classic,,,LEGO® Creative Suitcase,,,39.99
10692,LEGO® Classic,,,Les briques créatives LEGO®,,,15.99
10693,LEGO® Classic,,,Le complément créatif LEGO®,,,19.99
10694,LEGO® Classic,,,Le complément créatif couleurs vives LEGO®,,,19.99
10695,LEGO® Classic,,,La boîte de construction créative LEGO®,,,26.99
10696,LEGO® Classic,,,La boîte de briques créatives LEGO®,,,29.99
10697,LEGO Classic,,,LEGO® Large Creative Box,,,59.99
10698,LEGO® Classic,,,Boîte de briques créatives deluxe LEGO®,,,49.99
10699,LEGO® Classic,,,La plaque de base sable,,,7.99
10700,LEGO® Classic,,,La plaque de base verte,,,7.99
10701,LEGO® Classic,,,La plaque de base grise,,,14.99
10702,LEGO Classic,,,LEGO® Creative Building Set,,,26.99
10705,LEGO Classic,,,LEGO® Creative Building Basket,,,42.99
630,LEGO Classic,,,Brick Separator,,,2.49
41055,LEGO® Disney PrincessTM,,,Le château de Cendrillon,,,76.99
41061,LEGO® Disney PrincessTM,,,Le palais de Jasmine,,,29.99
41062,LEGO® Disney PrincessTM,,,Le palais de glace d'Elsa,,,44.99
41063,LEGO® Disney PrincessTM,,,Le royaume sous-marin d'Ariel,,,69.99
41065,Disney Princess,,,Rapunzel’s Best Day Ever,,,29.99
41066,Disney Princess,,,Anna & Kristoff’s Sleigh Adventure,,,32.99
41067,Disney Princess,,,Belle’s Enchanted Castle,,,49.99
41068,Disney Princess,,,Arendelle Castle Celebration,,,64.99
41069,Disney Princess,,,Treasure’s Day at the Pool,,,7.99
41140,Disney Princess,,,Daisy’s Beauty Salon,,,9.99
41141,Disney Princess,,,Pumpkin’s Royal Carriage,,,9.99
41142,Disney Princess,,,Palace Pets Royal Castle,,,19.99
41073,LEGO® Elves,,,Le bateau magique de Naida,,,29.99
41075,LEGO® Elves,,,La cachette secrète des Elfes,,,49.99
41077,LEGO® Elves,,,Le traîneau d'Aira,,,39.99
41078,LEGO® Elves,,,Le château des cieux,,,89.99
41171,Elves,,,Emily Jones & the Baby Wind Dragon,,,9.99
41172,Elves,,,The Water Dragon Adventure,,,26.99
41173,Elves,,,Elvendale School of Dragons,,,19.99
41174,Elves,,,The Starlight Inn,,,29.99
41175,Elves,,,Fire Dragon's Lava Cave,,,39.99
41176,Elves,,,The Secret Market Place,,,59.99
41177,Elves,,,The Precious Crystal Mine,,,26.99
41178,Elves,,,The Dragon Sanctuary,,,49.99
41179,Elves,,,Queen Dragon's Rescue,,,69.99
41180,Elves,,,Ragana's Magic Shadow Castle,,,89.99
41093,LEGO® Friends,,,Le salon de coiffure d'Heartlake City,,,34.99
41094,LEGO® Friends,,,Le phare d'Heartlake City,,,39.99
41095,LEGO® Friends,,,La maison d'Emma,,,74.99
41097,LEGO® Friends,,,La montgolfière d'Heartlake City,,,29.99
41099,LEGO® Friends,,,Le skatepark,,,19.99
41100,LEGO® Friends,,,L'avion privé de Heartlake City,,,26.99
41101,LEGO® Friends,,,Le grand hôtel de Heartlake City,,,139.99
41103,LEGO® Friends,,,Le studio d'enregistrement,,,14.99
41104,LEGO® Friends,,,La loge de la chanteuse,,,29.99
41105,LEGO® Friends,,,La scène de la chanteuse,,,44.99
41106,LEGO® Friends,,,La tournée en bus,,,59.99
41107,LEGO Friends,,,Pop Star Limo,,,24.99
41108,LEGO Friends,,,Heartlake Food Market,,,39.99
41109,LEGO Friends,,,Heartlake Airport,,,89.99
41110,LEGO Friends,,,Birthday Party,,,19.99
41111,LEGO Friends,,,Party Train,,,9.99
41112,LEGO Friends,,,Party Cakes,,,4.99
41113,LEGO Friends,,,Party Gift Shop,,,4.99
41114,LEGO Friends,,,Party Styling,,,4.99
41115,LEGO Friends,,,Emma's Creative Workshop,,,9.99
41116,LEGO Friends,,,Olivia's Exploration Car,,,14.99
41117,LEGO Friends,,,Pop Star TV Studio,,,19.99
41118,LEGO Friends,,,Heartlake Supermarket,,,34.99
41119,LEGO Friends,,,Heartlake Cupcake Café,,,39.99
41120,LEGO Friends,,,Adventure Camp Archery,,,9.99
41121,LEGO Friends,,,Adventure Camp Rafting,,,29.99
41122,LEGO Friends,,,Adventure Camp Tree House,,,74.99
41123,LEGO Friends,,,Foal's Washing Station,,,9.99
41124,LEGO Friends,,,Heartlake Puppy Daycare,,,29.99
41125,LEGO Friends,,,Horse Vet Trailer,,,39.99
41126,LEGO Friends,,,Heartlake Riding Club,,,64.99
41127,LEGO Friends,,,Amusement Park Arcade,,,14.99
41128,LEGO Friends,,,Amusement Park Space Ride,,,19.99
41129,LEGO Friends,,,Amusement Park Hot Dog Van,,,29.99
41130,LEGO Friends,,,Amusement Park Roller Coaster,,,99.99
41131,LEGO Friends,,,LEGO Friends Advent Calendar 2016,,,19.99
41132,LEGO Friends,,,Heartlake Party Shop,,,29.99
41133,LEGO Friends,,,Amusement Park Bumper Cars,,,39.99
41134,LEGO Friends,,,Heartlake Performance School,,,79.99
41135,LEGO Friends,,,Livi's Pop Star House,,,54.99
66537,LEGO Friends,,,LEGO Friends Value Pack,,,29.99
66539,LEGO Friends,,,LEGO Friends VP,,,64.99
5000463,LE Preschool,,,4004 LEGO® Storage Brick 8 (2x4 Stud) Re,,,0
5001267,LE Preschool,,,4004 LEGO® Storage Brick 8 (2x4 Stud) Ye,,,0
9071,LE Preschool,,,Building Plates,,,30.99
9286,LE Preschool,,,Large Building Plates Set,,,29.99
9348,LE Preschool,,,Community Minifigure Set,,,47.99
9349,LE Preschool,,,Fairytale and Historic Minifigure Set,,,47.99
9386,LE Preschool,,,"Doors, Windows & Roof Tiles",,,40.5
9387,LE Preschool,,,Wheels Set,,,38.5
45500,MINDSTORMS Education,,,EV3 Intelligent Brick,,,199.99
45501,MINDSTORMS Education,,,EV3 Rechargeable DC Battery,,,99.99
45502,MINDSTORMS Education,,,EV3 Large Servo Motor,,,29.99
45503,MINDSTORMS Education,,,EV3 Medium Servo Motor,,,24.99
45504,MINDSTORMS Education,,,EV3 Ultrasonic Sensor,,,34.99
45505,MINDSTORMS Education,,,EV3 Gyro Sensor,,,34.99
45506,MINDSTORMS Education,,,EV3 Color Sensor,,,34.99
45507,MINDSTORMS Education,,,EV3 Touch Sensor,,,19.99
45508,MINDSTORMS Education,,,EV3 Infrared Beacon,,,34.99
45509,MINDSTORMS Education,,,EV3 Infrared Sensor,,,34.99
45514,MINDSTORMS Education,,,EV3 Cable Pack,,,14.99
45517,MINDSTORMS Education,,,Transformer 10V DC,,,29.99
60100,City Airport,,,Airport Starter Set,,,9.99
60101,City Airport,,,Airport Cargo Plane,,,19.99
60102,City Airport,,,Airport VIP Service,,,54.99
60103,City Airport,,,Airport Air Show,,,79.99
60104,City Airport,,,Airport Passenger Terminal,,,99.99
60090,LEGO® City,,,L'explorateur sous-marin,,,5.99
60091,LEGO® City,,,Ensemble de démarrage sous-marin,,,9.99
60092,LEGO® City,,,Le sous-marin,,,29.99
60093,LEGO® City,,,L'hélicoptère de haute-mer,,,49.99
60095,LEGO® City,,,Le bateau d'exploration,,,99.99
60096,City Deep Sea Explorers,,,Deep Sea Operation Base,,,79.99
60072,LEGO® City,,,Ensemble de démarrage de démolition,,,9.99
60073,LEGO® City,,,Le camion grue,,,19.99
60074,LEGO® City,,,Le bulldozer,,,29.99
60076,LEGO® City,,,Le chantier de démolition,,,74.99
60105,City Fire,,,Fire ATV,,,5.99
60106,City Fire,,,Fire Starter Set,,,9.99
60107,City Fire,,,Fire Ladder Truck,,,19.99
60108,City Fire,,,Fire Response Unit,,,29.99
60109,City Fire,,,Fire Boat,,,74.99
60110,City Fire,,,Fire Station,,,99.99
60111,City Fire,,,Fire Utility Truck,,,39.99
60112,City Fire,,,Fire Engine,,,39.99
66541,City Fire,,,LEGO City VP_2,,,29.99
60081,LEGO® City,,,Le pick-up dépanneuse,,,19.99
60084,LEGO® City,,,Le transporteur de motos de course,,,19.99
60085,LEGO® City,,,Le 4x4 avec hors-bord,,,29.99
60113,City Great Vehicles,,,Rally Car,,,9.99
60114,City Great Vehicles,,,Race Boat,,,9.99
60115,City Great Vehicles,,,4 x 4 Off Roader,,,19.99
60116,City Great Vehicles,,,Ambulance Plane,,,19.99
60117,City Great Vehicles,,,Van & Caravan,,,19.99
60118,City Great Vehicles,,,Garbage Truck,,,19.99
60119,City Great Vehicles,,,Ferry,,,29.99
60120,City In/Out,,,Volcano Starter Set,,,9.99
60121,City In/Out,,,Volcano Exploration Truck,,,19.99
60122,City In/Out,,,Volcano Crawler,,,29.99
60123,City In/Out,,,Volcano Supply Helicopter,,,54.99
60124,City In/Out,,,Volcano Exploration Base,,,99.99
60125,City In/Out,,,Volcano Heavy-lift Helicopter,,,139.99
66540,City In/Out,,,LEGO City VP_1,,,79.99
60044,LEGO® City,,,L'unité de police mobile,,,29.99
60047,LEGO® City,,,Le commissariat de police,,,99.99
60067,LEGO® City,,,La poursuite en hélicoptère,,,29.99
60069,LEGO® City,,,Le poste de police des marais,,,74.99
60071,City Police,,,Hovercraft Arrest,,,39.99
60126,City Police,,,Tire Escape,,,5.99
60127,City Police,,,Prison Island Starter Set,,,9.99
60128,City Police,,,Police Pursuit,,,19.99
60129,City Police,,,Police Patrol Boat,,,39.99
60130,City Police,,,Prison Island,,,79.99
60131,City Police,,,Crooks Island,,,29.99
60077,LEGO® City,,,Ensemble de démarrage de l'espace,,,9.99
60078,LEGO® City,,,La navette spatiale,,,19.99
60079,LEGO® City,,,Le transporteur d'avion,,,49.99
60080,LEGO® City,,,Le centre spatial,,,99.99
7280,LEGO® City,,,Route droite et carrefour,,,12.99
7281,LEGO® City,,,Virage et croisement,,,12.99
60097,LEGO® City,,,Le centre ville,,,179.99
60132,City Town,,,Service Station,,,74.99
60133,City Town,,,LEGO® City Advent Calendar,,,19.99
60134,City Town,,,Fun in the park - City People Pack,,,39.99
60050,LEGO® City,,,La gare,,,49.99
60051,LEGO® City,,,Le train de passagers à grande vitesse,,,129.99
60052,LEGO® City,,,Le train de marchandises,,,179.99
60098,LEGO® City,,,Le train de marchandises,,,159.99
66493,City Trains,,,CITY Train Value Pack,,,219.99
7499,LEGO® City,,,Rails flexibles,,,18.99
7895,LEGO® City,,,Les aiguillages,,,19.99
10214,LEGO® Creator Expert,,,Le Tower Bridge,,,219.99
10218,LEGO® Creator Expert,,,L'animalerie,,,149.99
10220,LEGO® Creator Expert,,,Le camping-car Volkswagen T1,,,99.99
10232,LEGO® Creator Expert,,,Palace Cinema,,,139.99
10234,LEGO® Creator Expert,,,L'opéra de Sydney,,,299.99
10242,LEGO® Creator Expert,,,MINI Cooper,,,99.99
10243,LEGO® Creator Expert,,,Le restaurant parisien,,,149.99
10244,LEGO® Creator Expert,,,La fête foraine,,,129.99
10245,LEGO Creator Expert,,,L'atelier du Père Noël,,,69.99
10246,LEGO® Creator Expert,,,Le bureau du détective,,,159.99
10247,LEGO® Creator Expert,,,La grande Roue,,,199.99
10248,Creator Expert,,,Ferrari F40,,,84.99
10249,Creator Expert,,,Winter Toy Shop,,,74.99
10251,Creator Expert,,,Brick Bank,,,159.99
10252,Creator Expert,,,Confidential -  Expert 2 2016,,,94.99
10253,Creator Expert,,,Confidential - Expert 3 2016,,,239.99
10254,Creator Expert,,,Confidential -  Expert 4 2016,,,94.99
31027,LEGO® Creator,,,Le Bolide Bleu,,,4.99
31028,LEGO® Creator,,,L'hydravion,,,4.99
31029,LEGO® Creator,,,L'Hélicoptère Cargo,,,9.99
31031,LEGO® Creator,,,Les animaux de la forêt tropicale,,,14.99
31032,LEGO® Creator,,,Les créatures rouges,,,14.99
31033,LEGO® Creator,,,Le transport de véhicules,,,19.99
31034,LEGO® Creator,,,Les planeurs du futur,,,19.99
31035,LEGO® Creator,,,La cabane de la plage,,,26.99
31036,LEGO® Creator,,,Le magasin de jouets et l'épicerie,,,34.99
31037,LEGO® Creator,,,Les véhicules de l'aventure,,,19.99
31038,LEGO® Creator,,,Le changement de saison,,,49.99
31039,LEGO® Creator,,,L'avion bleu,,,59.99
31040,LEGO Creator,,,Desert Racers,,,4.99
31041,LEGO Creator,,,Construction Vehicles,,,4.99
31042,LEGO Creator,,,Super Soarer,,,9.99
31043,LEGO Creator,,,Chopper Transporter,,,9.99
31044,LEGO Creator,,,Park Animals,,,14.99
31045,LEGO Creator,,,Ocean Explorer,,,14.99
31046,LEGO Creator,,,Fast Car,,,19.99
31047,LEGO Creator,,,Propeller Plane,,,19.99
31048,LEGO Creator,,,Lakeside Lodge,,,26.99
31049,LEGO Creator,,,Twin Spin Helicopter,,,29.99
31050,LEGO Creator,,,Corner Deli,,,34.99
31051,LEGO Creator,,,Lighthouse Point,,,49.99
31052,LEGO Creator,,,Vacation Getaways,,,64.99
31053,LEGO Creator,,,Treehouse Adventures,,,29.99
41554,Mixels,,,Kuffs,,,3.99
41555,Mixels,,,Busto,,,3.99
41556,Mixels,,,Tiketz,,,3.99
41557,Mixels,,,Camillot,,,3.99
41558,Mixels,,,Mixadel,,,3.99
41559,Mixels,,,Paladum,,,3.99
41560,Mixels,,,Jamzy,,,3.99
41561,Mixels,,,Tapsy,,,3.99
41562,Mixels,,,Trumpsy,,,3.99
41563,Mixels,,,Splasho,,,3.99
41564,Mixels,,,Aquad,,,3.99
41565,Mixels,,,Hydro,,,3.99
41566,Mixels,,,Sharx,,,3.99
41567,Mixels,,,Skulzy,,,3.99
41568,Mixels,,,Lewt,,,3.99
41569,Mixels,,,Surgeo,,,3.99
41570,Mixels,,,Skrubz,,,3.99
41571,Mixels,,,Tuth,,,3.99
41572,Mixels,,,Gobbol,,,3.99
41573,Mixels,,,Sweepz,,,3.99
41574,Mixels,,,Compax,,,3.99
41575,Mixels,,,Cobrax,,,3.99
41576,Mixels,,,Spinza,,,3.99
41577,Mixels,,,Mysto,,,3.99
41578,Mixels,,,Screeno,,,3.99
41579,Mixels,,,Camsta,,,3.99
41580,Mixels,,,Myke,,,3.99
88000,LEGO Functions,,,Power Functions AAA Battery Box,,,12.99
88002,LEGO Functions,,,Power Functions Train Motor,,,13.99
88003,LEGO Functions,,,Power Functions L-Motor,,,14.99
88004,LEGO Functions,,,Power Functions Servo Motor,,,24.99
8869,LEGO Functions,,,Power Functions Control Switch,,,7.9
8870,LEGO Functions,,,Power Functions Light,,,7.9
8871,LEGO Functions,,,Power Functions Extension Wire 20”,,,5.5
8878,LEGO Functions,,,Power Functions Rechargeable Battery box,,,59.99
8879,LEGO Functions,,,Power Functions IR Speed Remote Control,,,15.9
8881,LEGO Functions,,,Power Functions Battery Box,,,7.9
8882,LEGO Functions,,,Power Functions XL-Motor,,,11.9
8883,LEGO Functions,,,Power Functions M-Motor,,,8.9
8884,LEGO Functions,,,Power Functions IR RX,,,16.9
8885,LEGO Functions,,,Power Functions IR TX,,,10.9
8886,LEGO Functions,,,Power Functions Extension Wire 8”,,,3.9
2000409,LEGO Serious Play,,,LEGO® SERIOUS PLAY® Window Exploration B,,,359.99
2000414,LEGO Serious Play,,,LEGO® SERIOUS PLAY® Starter Kit,,,26.99
2000430,LEGO Serious Play,,,LEGO® SERIOUS PLAY® Identity and Landsca,,,699.99
2000431,LEGO Serious Play,,,LEGO® SERIOUS PLAY® Connections Kit,,,559.99
31313, LEGO® Mindstorms,,,LEGO® Mindstorms EV3,,,369.99
71170,Dimensions,,,Starter Pack PLAYSTATION® 3,,,0
71171,Dimensions,,,Starter Pack PLAYSTATION® 4,,,0
71172,Dimensions,,,Starter Pack Xbox One™,,,0
71173,Dimensions,,,Starter Pack Xbox 360®,,,0
71174,Dimensions,,,Starter Pack Wii U™,,,0
71201,Dimensions,,,Back to the Future™ Level Pack,,,24.99
71202,Dimensions,,,The Simpsons™ Level Pack,,,24.99
71203,Dimensions,,,Portal® 2 Level Pack,,,24.99
71204,Dimensions,,,Doctor Who Level Pack,,,24.99
71205,Dimensions,,,Jurassic World™ Team Pack,,,24.99
71206,Dimensions,,,Scooby-Doo!™ Team Pack,,,24.99
71207,Dimensions,,,NINJAGO™ Team Pack,,,24.99
71209,Dimensions,,,Wonder Woman™ Fun Pack,,,14.99
71210,Dimensions,,,Cyborg™ Fun Pack,,,14.99
71211,Dimensions,,,Bart Fun Pack,,,14.99
71212,Dimensions,,,Emmet Fun Pack,,,14.99
71213,Dimensions,,,Bad Cop Fun Pack,,,14.99
71214,Dimensions,,,Benny Fun Pack,,,14.99
71215,Dimensions,,,Jay Fun Pack,,,14.99
71216,Dimensions,,,Nya Fun Pack,,,14.99
71217,Dimensions,,,Zane Fun Pack,,,14.99
71218,Dimensions,,,Gollum™ Fun Pack,,,14.99
71219,Dimensions,,,Legolas™ Fun Pack,,,14.99
71220,Dimensions,,,Gimli™ Fun Pack,,,14.99
71221,Dimensions,,,Wicked Witch™ Fun Pack,,,14.99
71222,Dimensions,,,Laval Fun Pack,,,14.99
71223,Dimensions,,,Cragger Fun Pack,,,14.99
71227,Dimensions,,,Krusty Fun Pack,,,14.99
71228,Dimensions,,,The Ghostbusters™ Level Pack,,,0
71229,Dimensions,,,DC Comics™ Team Pack,,,0
71230,Dimensions,,,Doc Brown Fun Pack,,,0
71231,Dimensions,,,Unikitty Fun Pack,,,14.99
71232,Dimensions,,,Eris Fun Pack,,,14.99
71233,Dimensions,,,Stay Puft Fun Pack,,,0
71234,Dimensions,,,Sensei Wu Fun Pack,,,0
71235,Dimensions,,,Midway Arcade™ Level Pack,,,0
71236,Dimensions,,,Superman™ Fun Pack,,,0
71237,Dimensions,,,Aquaman™ Fun Pack,,,0
71238,Dimensions,,,Cyberman™ Fun Pack,,,0
71239,Dimensions,,,Lloyd Fun Pack,,,0
71240,Dimensions,,,Bane™ Fun Pack,,,0
71241,Dimensions,,,Slimer Fun Pack,,,0
71011,LEGO Minifigures,,,Series 15,,,2.59
71012,LEGO Minifigures,,,Confidential Minifigures May 2016,,,2.99
71013,LEGO Minifigures,,,Confidential Minifigures Sept. 2016,,,2.59
71040,LEGO Minifigures,,,MF D2C 2016 Confidential,,,349.99
70310,Nexo Knights,,,Knighton Battle Blaster,,,9.99
70311,Nexo Knights,,,Chaos Catapult,,,9.99
70312,Nexo Knights,,,Lance’s Mecha Horse,,,19.99
70313,Nexo Knights,,,Moltor’s Lava Smasher,,,19.99
70314,Nexo Knights,,,Beast Master’s Chaos Chariot,,,34.99
70315,Nexo Knights,,,Clay’s Rumble Blade,,,39.99
70316,Nexo Knights,,,Jestro’s Evil Mobile,,,54.99
70317,Nexo Knights,,,The Fortrex,,,99.99
70318,Nexo Knights,,,The Glob Lobber,,,9.99
70319,Nexo Knights,,,Macy’s Thunder Mace,,,19.99
70320,Nexo Knights,,,Aaron Fox’s Aero-Striker V2,,,34.99
70321,Nexo Knights,,,General Magmar's Siege Machine of Doom,,,49.99
70322,Nexo Knights,,,Axl’s Tower Carrier,,,84.99
70323,Nexo Knights,,,Jestro’s Volcano Lair,,,129.99
70324,Nexo Knights,,,Merlok's Library 2.0,,,26.99
70325,Nexo Knights,,,Infernox captures the Queen,,,26.99
70326,Nexo Knights,,,The Black Knight Mech,,,54.99
70327,Nexo Knights,,,The King's Mech,,,34.99
70330,Nexo Knights,,,ULTIMATE Clay,,,8.99
70331,Nexo Knights,,,ULTIMATE Macy,,,8.99
70332,Nexo Knights,,,ULTIMATE Aaron,,,8.99
70333,Nexo Knights,,,ULTIMATE Robin,,,8.99
70334,Nexo Knights,,,Ultimate Beast Master,,,8.99
70335,Nexo Knights,,,ULTIMATE Lavaria,,,8.99
70336,Nexo Knights,,,Ultimate Axl,,,8.99
70337,Nexo Knights,,,Ultimate Lance,,,8.99
70338,Nexo Knights,,,Ultimate General Magmar,,,8.99
70339,Nexo Knights,,,Ultimate Flama,,,8.99
70588,Ninjago,,,Titanium Ninja Tumbler,,,29.99
70589,Ninjago,,,Rock Roader,,,39.99
70590,Ninjago,,,Airjitzu Battle Grounds,,,64.99
70591,Ninjago,,,Kryptarium Prison Breakout,,,19.99
70592,Ninjago,,,Salvage M.E.C.,,,39.99
70593,Ninjago,,,The Green NRG Dragon,,,54.99
70594,Ninjago,,,The Lighthouse Siege,,,74.99
70595,Ninjago,,,Ultra Stealth Raider,,,89.99
70596,Ninjago,,,Samurai X Cave Chaos,,,119.99
70599,Ninjago,,,Cole's Dragon,,,9.99
70600,Ninjago,,,Ninja Bike Chase,,,19.99
70601,Ninjago,,,Sky Shark,,,19.99
70602,Ninjago,,,Jay’s Elemental Dragon,,,34.99
70603,Ninjago,,,Raid Zeppelin,,,34.99
70604,Ninjago,,,Tiger Widow Island,,,49.99
70605,Ninjago,,,Misfortune’s Keep,,,79.99
70730,Ninjago,,,Chain Cycle Ambush,,,29.99
70731,Ninjago,,,Jay Walker One,,,39.99
70732,Ninjago,,,City of Stiix,,,99.99
70733,LEGO® Ninjago- Playthèmes,,,La moto multi-missiles,,,19.99
70734,LEGO® Ninjago- Playthèmes,,,Le dragon de Maître Wu,,,49.99
70735,LEGO® Ninjago- Playthèmes,,,Le Jet hybride de Ronin,,,49.99
70736,LEGO® Ninjago- Playthèmes,,,L'attaque du dragon Moro,,,64.99
70737,LEGO® Ninjago- Playthèmes,,,Le combat des Titans,,,59.99
70738,LEGO® Ninjago- Playthèmes,,,L'ultime QG des ninjas,,,119.99
70739,LEGO® Ninjago- Flyers,,,Airjitzu de Kai,,,9.99
70740,LEGO® Ninjago- Flyers,,,Airjitzu de Jay,,,9.99
70741,LEGO® Ninjago- Flyers,,,Airjitzu de Cole,,,9.99
70742,LEGO® Ninjago- Flyers,,,Airjitzu de Zane,,,9.99
70743,LEGO® Ninjago- Flyers,,,Airjitzu de Moro,,,9.99
70744,LEGO® Ninjago- Flyers,,,Airjitzu de Wrayth,,,9.99
70746,LEGO® Ninjago- Playthèmes,,,L'hélicoptère de Condrai,,,29.99
70747,LEGO® Ninjago- Playthèmes,,,Le jet multi-missiles,,,29.99
70748,LEGO® Ninjago- Playthèmes,,,Le dragon de Titane,,,39.99
70749,LEGO® Ninjago- Playthèmes,,,Le temple Anacondra,,,49.99
70751,Ninjago,,,Temple of Airjitzu,,,199.99
70755,LEGO® Ninjago- Playthèmes,,,Le buggy de la jungle,,,19.99
75821,Angry Birds,,,Confidential - PT IP A_2016_1,,,15.99
75822,Angry Birds,,,Confidential -PT IP A_2016_2,,,24.99
75823,Angry Birds,,,Confidential -PT IP A_2016_3,,,42.99
75824,Angry Birds,,,Confidential - PT IP A_2016_4,,,54.99
75825,Angry Birds,,,Confidential -PT IP A_2016_5,,,74.99
75826,Angry Birds,,,Confidential -PT IP A_2016_6,,,99.99
75827,Ghostbusters,,,Firehouse Headquarters,,,389.99
75828,Ghostbusters,,,Ghostbusters_2,,,64.99
75915,LEGO® Jurassic World,,,La capture du Ptéranodon,,,29.99
75916,LEGO® Jurassic World,,,L'embuscade du Dilophosaure,,,45.99
75917,LEGO® Jurassic World,,,La destruction du Vélociraptor,,,64.99
75918,LEGO® Jurassic World,,,La poursuite du T-Rex,,,89.99
75919,LEGO® Jurassic World,,,L'évasion d'Indominus Rex,,,129.99
75900,LEGO® Scooby-Doo TM,,,Le mystère du musée de la momie,,,15.99
75901,LEGO® Scooby-Doo TM,,,Les aventures mystérieuses en avion,,,26.99
75902,LEGO® Scooby-Doo TM,,,La machine mystérieuse,,,35.99
75903,LEGO® Scooby-Doo TM,,,Le phare hanté,,,54.99
75904,LEGO® Scooby-Doo TM,,,La maison mystérieuse,,,99.99
71006,LEGO® Simpson™,,,La maison des Simpson™,,,219.99
71016,LEGO Simpsons,,,Kwik-E-Mart,,,219.99
75870,Speed Champions,,,Chevrolet Corvette Z06,,,14.99
75871,Speed Champions,,,Ford Mustang GT,,,14.99
75872,Speed Champions,,,Audi R18 e-tron quattro,,,14.99
75873,Speed Champions,,,Audi R8 LMS ultra,,,14.99
75874,Speed Champions,,,Chevrolet Camaro Drag Race,,,34.99
75875,Speed Champions,,,Ford F-150 Raptor & Ford Model A Hot Rod,,,54.99
75876,Speed Champions,,,Porsche 919 Hybrid and 917K Pit Lane,,,84.99
75899,LEGO® Speed Champions,,,La Ferrari,,,14.99
75908,LEGO® Speed Champions,,,Ferrari 458 Italia GT2,,,14.99
75909,LEGO® Speed Champions,,,McLaren P1™,,,14.99
75910,LEGO® Speed Champions,,,Porsche 918 Spyder,,,14.99
75911,LEGO® Speed Champions,,,L'arrêt au stand McLaren Mercedes,,,34.99
75912,LEGO® Speed Champions,,,La ligne d'arrivée de la Porsche 911 GT,,,54.99
75913,LEGO® Speed Champions,,,F14 T et son camion scuderia Ferrari,,,109.99
10236,LEGO® Star Wars ,,,Le village Ewok™,,,279.99
75059,LEGO® Star Wars™,,,Sandcrawler™,,,329.99
75060,LEGO® Star Wars™,,,UCS Slave™,,,219.99
75074,LEGO® Star WarsTM,,,Snowspeeder™,,,9.99
75075,LEGO® Star WarsTM,,,AT-AT™,,,9.99
75078,LEGO® Star WarsTM,,,Transport de l'Armée Impériale,,,14.99
75079,LEGO® Star WarsTM,,,Shadow Troopers,,,14.99
75082,LEGO® Star WarsTM,,,TIE Advanced Prototype™,,,54.99
75085,Star Wars TM,,,Hailfire Droid™,,,26.99
75086,Star Wars TM,,,Battle Droid™ Troop Carrier,,,49.99
75087,Star Wars TM,,,Anakin’s Custom Jedi Starfighter™,,,49.99
75088,LEGO® Star WarsTM,,,Senate Commando Troopers™,,,14.99
75089,LEGO® Star WarsTM,,,Geonosis Troopers™,,,14.99
75091,LEGO® Star WarsTM,,,Flash Speeder™,,,42.99
75092,LEGO® Star WarsTM,,,Naboo Starfighter™,,,69.99
75093,LEGO® Star WarsTM,,,Le duel final de l'Étoile de la Mort,,,99.99
75094,LEGO® Star WarsTM,,,Imperial Shuttle Tydirium™,,,109.99
75095,LEGO® Star Wars™,,,TIE Fighter™,,,219.99
75096,Star Wars TM,,,Sith Infiltrator™,,,99.99
75098,Star Wars TM,,,Star Wars Direct Confidential,,,249.99
75099,LEGO® Star WarsTM,,,Rey's Speeder™,,,29.99
75100,LEGO® Star WarsTM,,,First Order Snowspeeder™,,,54.99
75101,LEGO® Star WarsTM,,,First Order Special Forces TIE fighter™,,,76.99
75102,LEGO® Star WarsTM,,,Poe's X-Wing Fighter™,,,99.99
75103,LEGO® Star WarsTM,,,First Order Transporter™,,,109.99
75104,LEGO® Star WarsTM,,,Kylo Ren's Command Shuttle™,,,130.99
75105,LEGO® Star WarsTM,,,Millennium Falcon™,,,164.99
75106,LEGO® Star WarsTM,,,Imperial Assault Carrier™,,,144.99
75125,Star Wars TM,,,Resistance X-Wing Fighter™,,,9.99
75126,Star Wars TM,,,First Order Snowspeeder™,,,9.99
75127,Star Wars TM,,,The Ghost™,,,9.99
75128,Star Wars TM,,,TIE Advanced Prototype™,,,9.99
75129,Star Wars TM,,,Wookiee™ Gunship,,,9.99
75130,Star Wars TM,,,AT-DP™,,,9.99
75131,Star Wars TM,,,Resistance Trooper Battle Pack,,,14.99
75132,Star Wars TM,,,First Order Battle Pack,,,14.99
75133,Star Wars TM,,,Rebel Alliance Battle Pack,,,14.99
75134,Star Wars TM,,,Galactic Empire™ Battle Pack,,,14.99
75135,Star Wars TM,,,Obi-Wan’s Jedi Interceptor™,,,29.99
75136,Star Wars TM,,,Droid™ Escape Pod,,,29.99
75137,Star Wars TM,,,Carbon-Freezing Chamber,,,29.99
75138,Star Wars TM,,,Hoth™ Attack,,,29.99
75139,Star Wars TM,,,Battle on Takodana™,,,64.99
75140,Star Wars TM,,,Resistance Troop Transporter,,,76.99
75141,Star Wars TM,,,Kanan's Speeder Bike™,,,29.99
75142,Star Wars TM,,,Homing Spider Droid™,,,42.99
75145,Star Wars TM,,,Confidential_TV Special 1,,,42.99
75146,Star Wars TM,,,LEGO® Star Wars™ Advent Calendar,,,34.99
75147,Star Wars TM,,,Confidential_TV Special 2,,,64.99
75148,Star Wars TM,,,Confidential_Retail 5,,,76.99
75149,Star Wars TM,,,Confidential_Retail 6,,,99.99
75150,Star Wars TM,,,Vader’s TIE Advanced vs. A-Wing Starfigh,,,109.99
75151,Star Wars TM,,,Clone Turbo Tank™,,,130.99
75152,Star Wars TM,,,Confidential SW 9,,,39.99
75153,Star Wars TM,,,Confidential SW 10,,,54.99
75154,Star Wars TM,,,Confidential SW 11,,,76.99
75155,Star Wars TM,,,Confidential SW 12,,,84.99
75156,Star Wars TM,,,Confidential SW 13,,,99.99
75157,Star Wars TM,,,Captain Rex’s AT-TE™,,,144.99
75158,Star Wars TM,,,Rebel Combat Frigate,,,130.99
75159,Star Wars TM,,,Confidential SW Direct 2,,,499.99
76025,LEGO® Super Heroes- DC Universe,,,Green Lantern contre Sinestro,,,26.99
76026,LEGO® Super Heroes- DC Universe,,,Gorilla Grodd en folie,,,64.99
76029,LEGO® Super Heroes- Marvel,,,Iron Man contre Ultron,,,14.99
76030,LEGO® Super Heroes- Marvel,,,Hydra contre les Avengers,,,26.99
76031,LEGO® Super Heroes- Marvel,,,Le combat du Hulk Buster,,,37.99
76032,LEGO® Super Heroes- Marvel,,,La poursuite du Quinjet des Avengers,,,84.99
76034,LEGO® Super Heroes- DC Universe,,,La poursuite en Batboat dans le port,,,39.99
76035,LEGO® Super Heroes- DC Universe,,,Jokerland,,,109.99
76036,LEGO® Super Heroes- Marvel,,,L'attaque aérienne de Carnage contre le SHIELD,,,14.99
76037,LEGO® Super Heroes- Marvel,,,L'équipe de super vilains de Rhino et de l'homme-sable,,,54.99
76038,LEGO® Super Heroes- Marvel,,,L'attaque de la tour des Avengers,,,74.99
76042,LEGO Super Heroes,,,L'hélitransport du SHIELD,,,349.99
76044,Super Heroes,,,Clash of the Heroes,,,14.99
76045,Super Heroes,,,Kryptonite Interception,,,37.99
76046,Super Heroes,,,Heroes of Justice: Sky High Battle,,,74.99
76047,Super Heroes,,,Confidential Captain America Movie 3,,,37.99
76048,Super Heroes,,,Iron Skull Sub Attack,,,37.99
76049,Super Heroes,,,Avenjet Space Mission,,,64.99
76050,Super Heroes,,,Confidential - Captain America Movie 1,,,26.99
76051,Super Heroes,,,Confidential - Captain America Movie 2,,,84.99
76052,Super Heroes,,,Confidential - Super Heroes,,,289.99
76053,Super Heroes,,,Batman™: Gotham City Cycle Chase,,,26.99
76054,Super Heroes,,,Batman™: Scarecrow™ Harvest of Fear,,,74.99
76055,Super Heroes,,,Batman™: Killer Croc™ Sewer Smash,,,84.99
76056,Super Heroes,,,Batman™: Rescue from Ra’s al Ghul™,,,37.99
76057,Super Heroes,,,Spider-Man: Web Warriors Ultimate Bridge,,,99.99
76058,Super Heroes,,,Spider-Man: Ghost Rider Team-up,,,26.99
76059,Super Heroes,,,Spider-Man: Doc Ock’s Tentacle Trap,,,54.99
76060,Super Heroes,,,Confidential Spider-Man 4,,,36.99
76061,Super Heroes,,,Mighty Micros: Batman™ vs. Catwoman™,,,9.99
76062,Super Heroes,,,Mighty Micros: Robin™ vs. Bane™,,,9.99
76063,Super Heroes,,,Mighty Micros: The Flash™ vs. Captain Co,,,9.99
76064,Super Heroes,,,Mighty Micros: Spider-Man vs. Green Gobl,,,9.99
76065,Super Heroes,,,Mighty Micros: Captain America vs. Red S,,,9.99
76066,Super Heroes,,,Mighty Micros: Hulk vs. Ultron,,,9.99
76067,Super Heroes,,,Confidential Marvel 2016 MDP,,,36.99
10600,LEGO® DUPLO® CarsTM,,,La course classique Disney Pixar Cars™,,,26.99
10597,LEGO® DUPLO® Mickey Mouse,,,La parade d'anniversaire de Mickey et Minnie,,,26.99
10827,DUPLO Disney TM,,,Mickey & Friends Beach House,,,34.99
10829,DUPLO Disney TM,,,Mickey's Workshop,,,19.99
10830,DUPLO Disney TM,,,Minnie's Café,,,19.99
10605,LEGO® DUPLO® Docteur La Peluche,,,Rosie l'ambulance de Docteur La Peluche,,,19.99
10606,LEGO® DUPLO® Docteur La Peluche,,,La clinique de Docteur La Peluche,,,29.99
10828,DUPLO Doc McStuffins,,,Doc McStuffins´ Pet Vet Care,,,26.99
10824,DUPLO Miles,,,Miles' Space Adventures,,,19.99
10825,DUPLO Miles,,,Miles´ Exo-Flex Suit,,,26.99
10826,DUPLO Miles,,,Miles' Stellosphere Hangar,,,34.99
10558,Mon premier LEGO® DUPLO® ,,,Le train des chiffres,,,21.99
10565,DUPLO My First,,,LEGO® DUPLO® Creative Suitcase,,,39.99
10570,Mon premier LEGO® DUPLO® ,,,Boîte de briques et d'animaux LEGO® DUPLO,,,17.99
10571,Mon premier LEGO® DUPLO® ,,,Grande boîte mon jardin merveilleux  LEGO® DUPLO,,,29.99
10572,Mon premier LEGO® DUPLO® ,,,Grande boîte du jardin en fleurs  LEGO® DUPLO,,,29.99
10573,Mon premier LEGO® DUPLO® ,,,Animaux rigolos LEGO® DUPLO®,,,14.99
10580,Mon premier LEGO® DUPLO® ,,,Boîte amusante de luxe XL LEGO® DUPLO®,,,49.99
10603,Mon premier LEGO® DUPLO® ,,,Mon premier bus,,,14.99
10615,Mon premier LEGO® DUPLO® ,,,Mon premier tracteur,,,14.99
10616,Mon premier LEGO® DUPLO® ,,,Ma première maison,,,19.99
10617,Mon premier LEGO® DUPLO® ,,,Ma première ferme,,,19.99
10618,Mon premier LEGO® DUPLO® ,,,La boîte de construction créative LEGO®,,,26.99
10622,DUPLO My First,,,LEGO® DUPLO® Large Creative Box,,,59.99
10623,DUPLO My First,,,LEGO® DUPLO® Basic Bricks – Large,,,19.99
10815,DUPLO My First,,,My First Rocket,,,9.99
10816,DUPLO My First,,,My First Cars and Trucks,,,19.99
10817,DUPLO My First,,,LEGO® DUPLO® Creative Chest,,,26.99
10818,DUPLO My First,,,My First Truck,,,19.99
10819,DUPLO My First,,,My First Garden,,,19.99
10820,DUPLO My First,,,LEGO® DUPLO® Creative Building Basket,,,39.99
10831,DUPLO My First,,,My First Caterpillar,,,9.99
2304,Mon premier LEGO® DUPLO® ,,,Grande plaque de base verte LEGO® DUPLO®,,,12.99
6176,Mon premier LEGO® DUPLO® ,,,Boîte de complément de luxe LEGO® DUPLO®,,,24.99
10596,LEGO® DUPLO® Disney PrincessTM,,,Collection Disney Princess™,,,44.99
10594,LEGO® DUPLO® Princesse Sofia,,,L'écurie Royale de la Princesse Sofia,,,26.99
10595,LEGO® DUPLO® Princesse Sofia,,,Le château royal de la Princesse Sofia,,,54.99
10822,DUPLO Sofia the First,,,Sofia the First Magical Carriage,,,29.99
10544,LEGO® DUPLO® Super Heroes,,,Le défi Batman et Joker,,,29.99
10599,LEGO® DUPLO® Super Heroes,,,L'aventure de Batman,,,42.99
10607,LEGO® DUPLO® Super Heroes,,,L'atelier de la moto-araignée de Spider-Man,,,16.99
10608,LEGO® DUPLO® Super Heroes,,,L'aventure de Spider-Man en camion araignée,,,29.99
10505,LEGO® DUPLO® Ville,,,La maison,,,62.99
10506,LEGO® DUPLO® Ville,,,Ensemble d'éléments pour le train,,,23.99
10507,LEGO® DUPLO® Ville,,,Mon premier train,,,59.99
10508,LEGO® DUPLO® Ville,,,Mon train de luxe,,,119.99
10524,LEGO® DUPLO® Ville,,,Le tracteur de la ferme,,,19.99
10525,LEGO® DUPLO® Ville,,,La grande ferme,,,62.99
10581,LEGO® DUPLO® Ville,,,Les canards,,,9.99
10582,LEGO® DUPLO® Ville,,,Les animaux de la forêt,,,19.99
10584,LEGO® DUPLO® Ville,,,Le Parc de la forêt,,,64.99
10586,LEGO® DUPLO® Ville,,,la camionnette de glaces,,,14.99
10587,LEGO® DUPLO® Ville,,,Le café,,,19.99
10589,LEGO® DUPLO® Ville,,,La voiture de rallye,,,14.99
10590,LEGO® DUPLO® Ville,,,L'aéroport,,,19.99
10591,LEGO® DUPLO® Ville,,,Le bateau des pompiers,,,14.99
10592,LEGO® DUPLO® Ville,,,Le camion de pompiers,,,24.99
10593,LEGO® DUPLO® Ville,,,La caserne des pompiers,,,59.99
10601,LEGO® DUPLO® Ville,,,Le camion LEGO® DUPLO®,,,19.99
10801,DUPLO Town,,,Baby Animals,,,9.99
10802,DUPLO Town,,,Savanna,,,19.99
10803,DUPLO Town,,,Arctic,,,29.99
10804,DUPLO Town,,,Jungle,,,49.99
10805,DUPLO Town,,,Around the World,,,99.99
10806,DUPLO Town,,,Horses,,,14.99
10807,DUPLO Town,,,Horse Trailer,,,19.99
10808,DUPLO Town,,,Little Plane,,,9.99
10809,DUPLO Town,,,Police Patrol,,,14.99
10810,DUPLO Town,,,Push Train,,,29.99
10811,DUPLO Town,,,Backhoe Loader,,,14.99
10812,DUPLO Town,,,Truck & Tracked Excavator,,,19.99
10813,DUPLO Town,,,Big Construction Site,,,64.99
10814,DUPLO Town,,,Tow Truck,,,19.99
66524,DUPLO Town,,,DUPLO Cargo Transport Value Pack,,,129.99
66538,DUPLO Town,,,DUPLO VP,,,79.99
42030,LEGO® Technic,,,La chargeuse sur pneus télécommandée VOLVO L350F,,,244.99
42031,LEGO® Technic,,,Le camion nacelle,,,9.99
42032,LEGO® Technic,,,La chargeuse compacte sur chenilles,,,14.99
42033,LEGO® Technic,,,Le bolide imbattable,,,19.49
42034,LEGO® Technic,,,Le quad,,,19.49
42035,LEGO® Technic,,,Le camion de la mine,,,24.99
42036,LEGO® Technic,,,La moto urbaine,,,34.99
42037,LEGO® Technic,,,Le bolide tout-terrain,,,49.99
42038,LEGO® Technic,,,Le véhicule arctique,,,79.99
42039,LEGO® Technic,,,La voiture de course des 24 heures,,,109.99
42040,LEGO® Technic,,,L'avion des pompiers,,,49.99
42041,Technic,,,Race Truck,,,59.99
42042,LEGO® Technic,,,La grue sur chenilles,,,129.99
42043,LEGO® Technic,,,Mercedes-Benz Arocs 3245,,,219.99
42044,Technic,,,Display Team Jet,,,9.99
42045,Technic,,,Hydroplane Racer,,,14.99
42046,Technic,,,Getaway Racer,,,19.99
42047,Technic,,,Police Interceptor,,,19.99
42048,Technic,,,Race Kart,,,29.99
42049,Technic,,,Mine Loader,,,39.99
42050,Technic,,,Drag Racer,,,59.99
42052,Technic,,,Heavy Lift Helicopter,,,129.99
42053,Technic,,,Volvo EW160E,,,89.99
42054,Technic,,,CLAAS XERION 5000 TRAC VC,,,159.99
42055,Technic,,,Bucket Wheel Excavator,,,249.99
42056,Technic,,,Confidential - Ultimate,,,299.99
8293,LEGO® Technic,,,"Ensemble ""Power Functions""",,,36.99
30277,Brick Based Promotions Themed,,,First Order Star Destroyer™,,,3.99
30278,Brick Based Promotions Themed,,,Poe’s X-Wing Fighter™,,,3.99
30279,Brick Based Promotions Themed,,,Kylo Ren’s Command Shuttle™,,,3.99
30321,Brick Based Promotions Themed,,,LEGO® DUPLO® Duck,,,3.99
30322,Brick Based Promotions Themed,,,LEGO® DUPLO® Wildlife,,,3.99
30346,Brick Based Promotions Themed,,,Prison Island Helicopter,,,3.99
30347,Brick Based Promotions Themed,,,Fire Car,,,3.99
30348,Brick Based Promotions Themed,,,Dumper,,,3.99
30349,Brick Based Promotions Themed,,,Sports Car,,,3.99
30350,Brick Based Promotions Themed,,,Volcano Jackhammer,,,3.99
30371,Brick Based Promotions Themed,,,Knight’s Cycle,,,3.99
30372,Brick Based Promotions Themed,,,Robin's Mini Fortrex,,,3.99
30373,Brick Based Promotions Themed,,,Knighton Hyper Cannon,,,3.99
30374,Brick Based Promotions Themed,,,The Lava Slinger,,,3.99
30375,Brick Based Promotions Themed,,,Sira’s Adventurous Airglider,,,3.99
30396,Brick Based Promotions Themed,,,Cupcake Stall,,,3.99
30397,Brick Based Promotions Themed,,,Olaf’s Summertime Fun,,,3.99
30398,Brick Based Promotions Themed,,,Adventure Camp Bridge,,,3.99
30399,Brick Based Promotions Themed,,,Amusement Park Bowling,,,3.99
30421,Brick Based Promotions Themed,,,Skybound Plane,,,3.99
30422,Brick Based Promotions Themed,,,Kai's Mini Dragon,,,3.99
30423,Brick Based Promotions Themed,,,Anchor-Jet,,,3.99
30424,Brick Based Promotions Themed,,,WU-CRU Training Dojo,,,3.99
30446,Brick Based Promotions Themed,,,The Batmobile,,,3.99
30447,Brick Based Promotions Themed,,,Captain America’s Motorcycle,,,3.99
30448,Brick Based Promotions Themed,,,Spider-Man vs. The Venom Symbiote,,,3.99
30471,Brick Based Promotions Themed,,,Helicopter,,,3.99
30472,Brick Based Promotions Themed,,,Parrot,,,3.99
30473,Brick Based Promotions Themed,,,Racer,,,3.99
30474,Brick Based Promotions Themed,,,Reindeer,,,3.99
30602,Brick Based Promotions Themed,,,SW Confidential,,,3.99
30603,Brick Based Promotions Themed,,,Batman™ Classic TV Series - Mr. Freeze™,,,3.99
21006,LEGO® Architecture,,,La Maison Blanche,,,59.99
21013,LEGO® Architecture,,,Big Ben,,,35.99
21019,LEGO® Architecture,,,La tour Eiffel,,,35.99
21020,LEGO® Architecture,,,La fontaine de Trévi,,,49.99
21022,LEGO® Architecture,,,Lincoln Memorial,,,29.99
21023,LEGO® Architecture,,,Le Flatiron Building,,,39.99
21024,LEGO® Architecture,,,Le Louvre,,,59.99
21026,LEGO Architecture,,,Venice,,,29.99
21027,LEGO Architecture,,,Berlin,,,29.99
21028,LEGO Architecture,,,New York City,,,49.99
21029,LEGO Architecture,,,Buckingham Palace,,,49.99
21030,LEGO Architecture,,,United States Capitol Building,,,99.99
21031,LEGO Architecture,,,Burj Khalifa,,,39.99
21050,LEGO® Architecture,,,Studio,,,159.99
21108,LEGO® Ideas,,,SOS Fantômes,,,49.99
21302,LEGO® Ideas,,,The Big Bang Theory,,,59.99
21303,LEGO® Ideas,,,Wall-E,,,54.99
21304,LEGO® Ideas,,,Doctor Who,,,54.99
21305,LEGO Ideas,,,Maze,,,74.99
21306,LEGO Ideas,,,LEGO Ideas_2_2016,,,0
21113,LEGO® Minecraft,,,La grotte,,,19.99
21114,LEGO® Minecraft,,,La ferme,,,32.99
21115,LEGO® Minecraft,,,La première nuit,,,39.99
21116,LEGO® Minecraft,,,La boîte de construction,,,59.99
21117,LEGO® Minecraft,,,Le dragon de l'Ender,,,74.99
21119,LEGO® Minecraft,,,Le donjon,,,19.99
21120,LEGO® Minecraft,,,La cachette dans la neige,,,39.99
21121,LEGO® Minecraft,,,L'avant-poste dans le désert,,,74.99
21122,LEGO® Minecraft,,,La forteresse du Nether,,,89.99
21123,Minecraft,,,The Iron Golem,,,19.99
21124,Minecraft,,,The End Portal,,,64.99
21125,Minecraft,,,The Jungle Tree House,,,99.99
21126,Minecraft,,,The Wither,,,34.99
21127,Minecraft,,,The Fortress,,,119.99
21128,Minecraft,,,The Village,,,219.99
10552,Mon premier LEGO® DUPLO® ,,,Set de voitures à construire,,,24.99
10554,Mon premier LEGO® DUPLO® ,,,Jeu de construction à roulettes pour tous petits,,,20.99
10566,Mon premier LEGO® DUPLO® ,,,Mon panier de pique-nique,,,29.99
10567,Mon premier LEGO® DUPLO® ,,,Ensemble pour le bain pour tout-petits,,,19.99
10574,Mon premier LEGO® DUPLO® ,,,Ensemble de glaces délicieuses,,,14.99
4962,LEGO® DUPLO® Ville,,,Le zoo des bébés animaux,,,12.99
5679,LEGO® DUPLO® Ville,,,La moto de police,,,9.99
6136,LEGO® DUPLO® Ville,,,Mon premier zoo,,,29.99
10500,LEGO® DUPLO® Ville,,,L'écurie,,,29.99
10518,LEGO® DUPLO® Ville,,,Mon premier chantier,,,24.99
10521,LEGO® DUPLO® Ville,,,Le bébé veau,,,6.99
10522,LEGO® DUPLO® Ville,,,Les animaux de la ferme,,,9.99
10527,LEGO® DUPLO® Ville,,,L'ambulance,,,14.99
10528,LEGO® DUPLO® Ville,,,Le bus scolaire,,,19.99
10529,LEGO® DUPLO® Ville,,,Le camion de chantier,,,14.99
10532,LEGO® DUPLO® Ville,,,L'intervention de la police,,,24.99
10546,LEGO® DUPLO® Ville,,,Le supermarché,,,24.99
10568,LEGO® DUPLO® Ville,,,Le combat du chevalier,,,9.99
10569,LEGO® DUPLO® Ville,,,L'attaque du trésor,,,29.99
10577,LEGO® DUPLO® Ville,,,Le château royal,,,62.99
10583,LEGO® DUPLO® Ville,,,La partie de pêche en forêt,,,24.99
10585,LEGO® DUPLO® Ville,,,Maman et bébé,,,9.99
10602,LEGO® DUPLO® Ville,,,L'aventure au camping,,,29.99
10542,LEGO® DUPLO® Disney PrincessTM,,,La Belle au bois dormant et sa fée,,,36.99
10514,LEGO® DUPLO® Jake et les pirates du Pays Imaginaire,,,Le vaisseau pirate de Jake,,,54.99
10526,LEGO® DUPLO® Jake et les pirates du Pays Imaginaire,,,Jake et Peter Pan,,,29.99
10539,LEGO® DUPLO® Jake et les pirates du Pays Imaginaire,,,La course du Capitaine Crochet,,,26.99
10510,LEGO® DUPLO® PlanesTM,,,La course aérienne de Ripslinger,,,29.99
10538,LEGO® DUPLO® PlanesTM,,,Les secouristes,,,26.99
10543,LEGO® DUPLO® Super Heroes,,,Le sauvetage de Superman™,,,19.99
10545,LEGO® DUPLO® Super Heroes,,,Batman et Catwoman,,,49.99
41052,LEGO® Disney PrincessTM,,,Le baiser magique d'Ariel et son prince,,,29.99
41053,LEGO® Disney PrincessTM,,,Le carrosse enchanté de Cendrillon,,,29.99
41054,LEGO® Disney PrincessTM,,,La tour de Raiponce,,,39.99
41060,LEGO® Disney PrincessTM,,,La chambre de la Belle au bois dormant,,,14.99
41071,LEGO® Elves,,,La machine volante d'Aira,,,9.99
41072,LEGO® Elves,,,Le spa de beauté de Naida,,,19.99
41074,LEGO® Elves,,,Azari et la boulangerie magique,,,29.99
41076,LEGO® Elves,,,Le cristal secret de Farran,,,14.99
41015,LEGO® Friends,,,Le yacht,,,69.99
41026,LEGO® Friends,,,Le marché,,,19.99
41028,LEGO® Friends,,,Le poste de sauvetage d'Emma,,,9.99
41030,LEGO® Friends,,,Le stand de glace d'Olivia,,,9.99
41032,LEGO® Friends,,,La moto de secours de la jungle,,,15.99
41033,LEGO® Friends,,,Sauvetage dans les cascades de la jungle,,,20.99
41034,LEGO® Friends,,,La caravane des vacances,,,25.99
41035,LEGO® Friends,,,Le bar à smoothie de Heartlake City,,,29.99
41036,LEGO® Friends,,,Opération d'urgence sur le pont de la jungle,,,30.99
41037,LEGO® Friends,,,La villa sur la plage,,,40.99
41038,LEGO® Friends,,,La base de sauvetage de la jungle,,,49.99
41039,LEGO® Friends,,,Le ranch du soleil,,,76.99
41058,LEGO® Friends,,,Le centre commercial d'Heartlake City,,,99.99
41085,LEGO® Friends,,,La clinique vétérinaire,,,19.99
41086,LEGO® Friends,,,L'ambulance vétérinaire,,,9.99
41087,LEGO® Friends,,,Les bébés lapins et leur maman,,,4.99
41088,LEGO® Friends,,,Le dressage du chiot,,,4.99
41089,LEGO® Friends,,,Le petit poulain,,,4.99
41090,LEGO® Friends,,,La piscine d'Olivia,,,9.99
41091,LEGO® Friends,,,La décapotable de Mia,,,14.99
41092,LEGO® Friends,,,La pizzeria de Stéphanie,,,9.99
41098,LEGO® Friends,,,Le kiosque d'Emma,,,9.99
41102,LEGO® Friends,,,Le calendrier de l'Avent LEGO® Friends,,,19.99
10665,LEGO® Juniors,,,Spiderman,,,12.99
10668,LEGO® Juniors,,,Boîte de construction du château de la princesse,,,17.99
10669,LEGO® Juniors,,,Le repaire des Tortues Ninja™,,,19.99
10671,LEGO® Juniors,,,La caserne des pompiers,,,19.99
10672,LEGO® Juniors,,,L'attaque de la Batcave,,,34.99
10675,LEGO® Juniors,,,Ma première caserne de police,,,29.99
10676,LEGO® Juniors,,,Boîte XL du château fort,,,49.99
10677,LEGO® Juniors,,,L'excursion à la plage,,,9.99
10679,LEGO® Juniors,,,La chasse au trésor des pirates,,,9.99
31010,LEGO® Creator,,,La cabane dans l'arbre,,,27.99
31014,LEGO® Creator,,,La pelleteuse,,,4.99
31015,LEGO® Creator,,,La locomotive,,,4.99
31017,LEGO® Creator,,,La décapotable orange,,,9.99
31018,LEGO® Creator,,,Le chopper,,,9.99
31019,LEGO® Creator,,,Les animaux de la forêt,,,17.99
31020,LEGO® Creator,,,L'avion à double hélices,,,14.99
31021,LEGO® Creator,,,Mes animaux de compagnie,,,17.99
31022,LEGO® Creator,,,Le quad turbo,,,19.99
31023,LEGO® Creator,,,Les bolides jaunes,,,24.99
31024,LEGO® Creator,,,Le bolide rouge,,,29.99
31025,LEGO® Creator,,,Le refuge de montagne,,,39.99
31026,LEGO® Creator,,,Le magasin de vélos et le Café,,,69.99
31030,LEGO® Creator,,,Le Kart Rouge,,,9.99
60002,LEGO® City,,,Le camion de pompier,,,19.99
60003,LEGO® City,,,L'intervention du camion de pompier,,,29.99
60004,LEGO® City,,,La caserne des pompiers,,,81.99
60007,LEGO® City,,,La course poursuite de la police spéciale,,,26.99
60011,LEGO® City,,,L'intervention du garde-côtes,,,5.99
60012,LEGO® City,,,Le transporteur du bateau du garde-côtes,,,12.99
60014,LEGO® City,,,La patrouille des garde-côtes,,,62.99
60032,LEGO® City,,,La motoneige,,,5.99
60033,LEGO® City,,,Le véhicule à chenille arctique,,,14.99
60034,LEGO® City,,,L'hélicoptère arctique,,,29.99
60035,LEGO® City,,,La base arctique mobile,,,39.99
60036,LEGO® City,,,Le camp de base arctique,,,89.99
60041,LEGO® City,,,La poursuite du bandit,,,5.99
60042,LEGO® City,,,La chasse aux bandits,,,14.99
60043,LEGO® City,,,Le transport du prisonnier,,,19.99
60046,LEGO® City,,,L'intervention de l'hélicoptère en forêt,,,59.99
60053,LEGO® City,,,La voiture de course,,,9.99
60055,LEGO® City,,,Monster Truck,,,9.99
60057,LEGO® City,,,Le camping-car et son canoë,,,19.99
60060,LEGO® City,,,Le camion de transport des voitures,,,29.99
60065,LEGO® City,,,Le 4x4 du policier des marais,,,5.99
60066,LEGO® City,,,Ensemble de démarrage de la police des marais,,,9.99
60068,LEGO® City,,,La cachette des bandits,,,53.99
60075,LEGO® City,,,L'excavatrice et le camion,,,39.99
60082,LEGO® City,,,Le buggy des dunes,,,19.99
60083,LEGO® City,,,La déneigeuse,,,19.99
60086,LEGO® City,,,Ensemble de démarrage LEGO® City,,,24.99
60088,LEGO® City,,,Ensemble de démarrage Pompiers,,,9.99
60099,LEGO® City,,,Le calendrier de l'Avent LEGO® City,,,19.99
6102131,LEGO® Mixels,,,LEGO® Mixels- Série 4,,,119.7
6102139,LEGO® Mixels,,,LEGO® Mixels- Série 5,,,119.7
6100807,LEGO® Minifigures,,,LEGO® Minifigures- Série 13,,,155.4
6100812,LEGO® Minifigures,,,LEGO® Minifigures: Serie S,,,179.4
6100816,LEGO® Minifigures,,,LEGO® Minifigures- Série 14,,,155.4
70160,LEGO® Ultra Agents,,,Le raid du 4x4,,,9.99
70161,LEGO® Ultra Agents,,,L'attaque du tank,,,19.99
70162,LEGO® Ultra Agents,,,L'interception d'Infearno,,,29.99
70163,LEGO® Ultra Agents,,,L'attaque de Toxikita,,,39.99
70164,LEGO® Ultra Agents,,,Le vaisseau de Psyclone,,,59.99
70165,LEGO® Ultra Agents,,,Le QG des agents,,,89.99
70166,LEGO® Ultra Agents,,,L'infiltration de Spyclops,,,9.99
70167,LEGO® Ultra Agents,,,L'évasion d'Invizable,,,19.99
70168,LEGO® Ultra Agents,,,Le diamant de Drillex,,,34.99
70169,LEGO® Ultra Agents,,,La patrouille des agents,,,49.99
70170,LEGO® Ultra Agents,,,UltraCopter contre Antimatière,,,69.99
70409,LEGO® Pirates,,,La défense du radeau,,,9.99
70410,LEGO® Pirates,,,L'avant-poste des soldats,,,19.99
70411,LEGO® Pirates,,,L'île au trésor,,,19.99
70412,LEGO® Pirates,,,Le fort des soldats,,,34.99
70413,LEGO® Pirates,,,Le bateau pirate,,,109.99
70801,The LEGO® Movie,,,La salle de fusion,,,15.99
70803,The LEGO® Movie,,,Le palais des nuages,,,19.99
70807,The LEGO® Movie,,,Le duel de barbe d'acier,,,36.99
70808,The LEGO® Movie,,,La super poursuite,,,52.99
70814,The LEGO® Movie,,,Le Construct-o-Mech d'Emmet,,,64.99
70815,The LEGO® Movie,,,Le super vaisseau de la police secrète,,,84.99
70816,The LEGO® Movie,,,Le vaisseau spatial de Benny,,,99.99
70817,The LEGO® Movie,,,L'attaque de Batman™ et de Kitty Grrrr,,,14.99
70818,The LEGO® Movie,,,Le canapé à deux étages d'Emmet,,,19.99
70819,The LEGO® Movie,,,La course-poursuite de Méchant Flic,,,24.99
79012,LEGO® The Hobbit,,,L'armée des Elfes de Mirkwood™,,,39.99
79014,LEGO® The Hobbit,,,La bataille de Dol Guldur,,,82.99
79015,LEGO® The Hobbit,,,La bataille du Roi Sorcier,,,16.99
79016,LEGO® The Hobbit,,,L'attaque de Lacville,,,39.99
79017,LEGO® The Hobbit,,,La bataille des Cinq Armées,,,74.99
79018,LEGO® The Hobbit,,,Le Mont solitaire,,,129.99
76010,LEGO® Super Heroes- DC Universe,,,Batman™ : l'affrontement avec le Pingouin,,,14.99
76011,LEGO® Super Heroes- DC Universe,,,Batman™ : l'attaque de Man-Bat,,,26.99
76012,LEGO® Super Heroes- DC Universe,,,Batman™ : la poursuite du Sphinx,,,36.99
76013,LEGO® Super Heroes- DC Universe,,,Batman™ : le rouleau-compresseur du Joker,,,62.99
76027,LEGO® Super Heroes- DC Universe,,,L'attaque des profondeurs de Black Manta,,,54.99
76028,LEGO® Super Heroes- DC Universe,,,L'invasion de Darkseid,,,75.99
76014,LEGO® Super Heroes- Marvel,,,Spider-Trike contre Electro,,,14.99
76015,LEGO® Super Heroes- Marvel,,,Le braquage du camion par le Docteur Octopus,,,26.99
76016,LEGO® Super Heroes- Marvel,,,Le sauvetage en Spider-Hélicoptère,,,54.99
76017,LEGO® Super Heroes- Marvel,,,Captain America contre Hydra,,,26.99
76018,LEGO® Super Heroes- Marvel,,,La destruction du labo,,,62.99
76019,LEGO® Super Heroes- Marvel,,,Le combat du Starblaster,,,26.99
76020,LEGO® Super Heroes- Marvel,,,La mission d'évasion,,,51.99
76021,LEGO® Super Heroes- Marvel,,,Le sauvetage du vaisseau Milano,,,86.99
76022,LEGO® Super Heroes- Marvel,,,X-men contre les Sentinelles,,,51.99
76039,LEGO® Super Heroes- Marvel,,,Le combat final de l'Homme-fourmi,,,26.99
70141,LEGO® Legends of CHIMA- Playthèmes,,,Le planeur Vautour des glaces,,,19.99
70142,LEGO® Legends of CHIMA- Playthèmes,,,Le planeur Aigle de feu d'Eris,,,29.99
70143,LEGO® Legends of CHIMA- Playthèmes,,,Le robot Tigre de Sir Fangar,,,39.99
70144,LEGO® Legends of CHIMA- Playthèmes,,,Le Tank Lion de Feu,,,49.99
70145,LEGO® Legends of CHIMA- Playthèmes,,,Le mammouth des glaces,,,79.99
70146,LEGO® Legends of CHIMA- Playthèmes,,,Le temple du Phoenix de Feu,,,109.99
70220,LEGO® Legends of CHIMA- Playthèmes,,,La moto sabre,,,14.99
70221,LEGO® Legends of CHIMA- Playthèmes,,,L'ultime Phoenix de feu,,,19.99
70222,LEGO® Legends of CHIMA- Playthèmes,,,Le bulldozer panthère,,,34.99
70223,LEGO® Legends of CHIMA- Playthèmes,,,Le robot ours des glaces,,,49.99
70224,LEGO® Legends of CHIMA- Playthèmes,,,La base mobile de combat,,,69.99
70229,LEGO® Legends of CHIMA- Playthèmes,,,La tribu Lion,,,9.99
70230,LEGO® Legends of CHIMA- Playthèmes,,,La tribu Ours des glaces,,,9.99
70231,LEGO® Legends of CHIMA- Playthèmes,,,La tribu Crocodile,,,9.99
70232,LEGO® Legends of CHIMA- Playthèmes,,,La tribu Tigre à dents de sabre,,,9.99
70225,LEGO® Legends of CHIMA- Playthèmes,,,L'Ours de Bladvic,,,39.99
70226,LEGO® Legends of CHIMA- Playthèmes,,,La forteresse glacée du Mammouth,,,64.99
70227,LEGO® Legends of CHIMA- Playthèmes,,,Le sauvetage du Roi Crominus,,,79.99
70726,LEGO® Ninjago- Playthèmes,,,Destructoïde,,,29.99
70727,LEGO® Ninjago- Playthèmes,,,Le Ninja X-1,,,39.99
70728,LEGO® Ninjago- Playthèmes,,,Le Temple de Ninjago City,,,109.99
70745,LEGO® Ninjago- Playthèmes,,,Le broyeur Anacondra,,,19.99
70750,LEGO® Ninjago- Playthèmes,,,La base mobile des Ninja,,,79.99
70752,LEGO® Ninjago- Playthèmes,,,Le piège dans la jungle,,,6.99
70753,LEGO® Ninjago- Playthèmes,,,Les chutes de lave,,,7.99
70754,LEGO® Ninjago- Playthèmes,,,ElectroRobot,,,14.99
70778,LEGO® Bionicle,,,Protecteur de la Jungle,,,9.99
70779,LEGO® Bionicle,,,Protecteur de la Pierre,,,9.99
70780,LEGO® Bionicle,,,Protecteur de l'Eau,,,9.99
70781,LEGO® Bionicle,,,Protecteur de la Terre,,,9.99
70782,LEGO® Bionicle,,,Protecteur de la Glace,,,9.99
70783,LEGO® Bionicle,,,Protecteur du Feu,,,9.99
70784,LEGO® Bionicle,,,Lewa -  Maître de la Jungle,,,14.99
70785,LEGO® Bionicle,,,Pohatu - Maître de la Pierre,,,14.99
70786,LEGO® Bionicle,,,Gali - Maître de l'Eau,,,14.99
70787,LEGO® Bionicle,,,Tahu - Maître du Feu,,,19.99
70788,LEGO® Bionicle,,,Kopaka - Maître de la Glace,,,19.99
70789,LEGO® Bionicle,,,Onua - Maître de la Terre,,,19.99
70790,LEGO® Bionicle,,,Le seigneur des araignées squelettes,,,14.99
75028,LEGO® Star WarsTM,,,Clone Turbo Tank™,,,9.99
75030,LEGO® Star WarsTM,,,Millennium Falcon™,,,9.99
75031,LEGO® Star WarsTM,,,TIE Interceptor™,,,9.99
75032,LEGO® Star WarsTM,,,X-Wing Fighter™,,,9.99
75034,LEGO® Star WarsTM,,,Death Star™ Troopers™,,,14.99
75035,LEGO® Star WarsTM,,,Kashyyyk™ Troopers™,,,14.99
75036,LEGO® Star WarsTM,,,Utapau™ Troopers™,,,14.99
75037,LEGO® Star WarsTM,,,La bataille de Saleucami™,,,21.99
75038,LEGO® Star WarsTM,,,Intercepteur Jedi™,,,29.99
75040,LEGO® Star WarsTM,,,General Grievous' Wheel Bike™,,,29.99
75042,LEGO® Star WarsTM,,,Droid Gunship™,,,54.99
75043,LEGO® Star WarsTM,,,AT-AP™,,,76.99
75048,LEGO® Star WarsTM,,,Le Fantôme,,,29.99
75049,LEGO® Star WarsTM,,,Snowspeeder™,,,42.99
75050,LEGO® Star WarsTM,,,B-Wing™,,,64.99
75051,LEGO® Star WarsTM,,,Jedi™ Scout Fighter,,,76.99
75052,LEGO® Star WarsTM,,,La Cantina™ de Mos Eisley,,,88.99
75053,LEGO® Star WarsTM,,,Le Ghost,,,109.99
75054,LEGO® Star WarsTM,,,AT-AT™,,,130.99
75055,LEGO® Star WarsTM,,,Imperial Star Destroyer™,,,142.99
75072,LEGO® Star WarsTM,,,ARC-170 Starfighter™,,,9.99
75073,LEGO® Star WarsTM,,,Vulture Droid™,,,9.99
75076,LEGO® Star WarsTM,,,Republic Gunship™,,,9.99
75077,LEGO® Star WarsTM,,,Homing Spider Droid™,,,9.99
75080,LEGO® Star WarsTM,,,AAT™,,,29.99
75081,LEGO® Star WarsTM,,,T-16 Skyhopper™,,,29.99
75083,LEGO® Star WarsTM,,,AT-DP™,,,64.99
75084,LEGO® Star WarsTM,,,Wookiee™ Gunship,,,76.99
75090,LEGO® Star WarsTM,,,Ezra's Speeder Bike™,,,29.99
75097,LEGO® Star WarsTM,,,Calendrier de l'Avent LEGO® Star Wars™,,,34.99
21118,LEGO® Minecraft,,,La mine,,,99.99
42008,LEGO® Technic,,,Le camion de service,,,119.99
42009,LEGO® Technic,,,Grue mobile MK II,,,199.99
42020,LEGO® Technic,,,L'hélicoptère bi-rotors,,,9.99
42021,LEGO® Technic,,,La moto des neiges,,,14.99
42022,LEGO® Technic,,,Le Hot Rod,,,29.99
42023,LEGO® Technic,,,L'équipe de construction,,,59.99
42024,LEGO® Technic,,,Le camion conteneur,,,70.99
42025,LEGO® Technic,,,L'avion cargo,,,119.99
42026,LEGO® Technic,,,Le bolide,,,19.49
42027,LEGO® Technic,,,Le buggy du désert,,,19.49
42028,LEGO® Technic,,,Le bulldozer,,,39.99
42029,LEGO® Technic,,,Le Pick up customisé,,,89.99
21003,LEGO® Architecture,,,Seattle Needle de Seattle,,,19.99
21005,LEGO® Architecture,,,Fallingwaters®,,,99.99
21011,LEGO® Architecture,,,Porte de Brandebourg,,,35.99
21014,LEGO® Architecture,,,Villa Savoye,,,69.99
21015,LEGO® Architecture,,,La tour de Pise,,,35.99
21017,LEGO® Architecture,,,Hotel Impérial,,,109.99
21018,LEGO® Architecture,,,Le siège des Nations Unies,,,49.99
21301,LEGO® Ideas,,,Oiseaux,,,44.99
10188,LEGO® Star Wars ,,,Death StarTM,,,432.99
10237,LEGO® Lord Of The Ring,,,La tour d'Orthanc,,,199.99
10240,LEGO® Star Wars ,,,Red Five X-wing StarfighterTM,,,219.99
70810,LEGO® Movie,,,Le lamantin de Barbe d'Acier,,,249.99
76023,LEGO® Super Heroes,,,Le Tumbler,,,199.99
41056,LEGO Friends,,,Heartlake News Van,,,24.99
41057,LEGO Friends,,,Heartlake Horse Show,,,39.99
41059,LEGO Friends,,,Jungle Tree Sanctuary,,,30.95
66526,LEGO Friends,,,Friends Value Pack,,,79.99
9693,MINDSTORMS Education,,,Rechargeable Battery DC,,,57.5
9694,MINDSTORMS Education,,,Colour Sensor,,,
9841,MINDSTORMS Education,,,Intelligent NXT Brick,,,160.5
9842,MINDSTORMS Education,,,Interactive Servo Motor,,,24.5
9843,MINDSTORMS Education,,,Touch Sensor,,,17.5
9844,MINDSTORMS Education,,,Light Sensor,,,17.5
9845,MINDSTORMS Education,,,Sound Sensor,,,25.99
9846,MINDSTORMS Education,,,Ultrasonic Sensor,,,32.99
60062,City Arctic,,,Arctic Icebreaker,,,99.99
66522,City Deep Sea Explorers,,,City Deep Sea Explorers Value Pack,,,89.99
66521,City Demolition,,,City Value Pack,,,99.99
66523,City Great Vehicles,,,City Vehicle Value Pack,,,39.99
60048,City Police,,,Police Dog Unit,,,29.99
60049,City Police,,,Helicopter Transporter,,,39.99
60070,City Police,,,Water Plane Chase,,,29.99
41527,Mixels,,,Rokit,,,3.99
41528,Mixels,,,Niksput,,,3.99
41529,Mixels,,,Nurp-Naut,,,3.99
41530,Mixels,,,Meltus,,,3.99
41531,Mixels,,,Flamzer,,,3.99
41532,Mixels,,,Burnard,,,3.99
41533,Mixels,,,Globert,,,3.99
41534,Mixels,,,Vampos,,,3.99
41535,Mixels,,,Boogly,,,3.99
41536,Mixels,,,Gox,,,3.99
41537,Mixels,,,Jinky,,,3.99
41538,Mixels,,,Kamzo,,,3.99
41539,Mixels,,,Krog,,,3.99
41540,Mixels,,,Chilbo,,,3.99
41541,Mixels,,,Snoof,,,3.99
41542,Mixels,,,Spugg,,,3.99
41543,Mixels,,,Turg,,,3.99
41544,Mixels,,,Tungster,,,3.99
41545,Mixels,,,Kramm,,,3.99
41546,Mixels,,,Forx,,,3.99
41547,Mixels,,,Wuzzo,,,3.99
41548,Mixels,,,Dribbal,,,3.99
41549,Mixels,,,Gurggle,,,3.99
41550,Mixels,,,Slusho,,,3.99
41551,Mixels,,,Snax,,,3.99
41552,Mixels,,,Berp,,,3.99
41553,Mixels,,,Vaka-Waka,,,3.99
8867,LEGO Functions,,,Flexible Train Track,,,34.9
70135,Chima,,,Cragger’s Fire Striker,,,39.99
70147,Chima,,,Sir Fangar’s Ice Fortress,,,69.99
70228,Chima,,,Vultrix’s Sky Scavenger,,,39.99
71008,LEGO Minifigures,,,"LEGO® Minifigures, Series 13",,,2.59
71009,LEGO Minifigures,,,"LEGO® Minifigures, The Simpsons™ Series",,,2.99
71010,LEGO Minifigures,,,"LEGO® Minifigures, Series 14: Monsters",,,2.59
70756,Ninjago,,,Dojo Showdown,,,24.99
75920,Jurassic World,,,Raptor Escape,,,49.99
75044,Star Wars TM,,,Droid Tri-Fighter™,,,39.99
75045,Star Wars TM,,,Republic AV-7 Anti-Vehicle Cannon,,,49.99
75046,Star Wars TM,,,Coruscant™ Police Gunship,,,59.99
75058,Star Wars TM,,,MTT™,,,99.99
76040,Super Heroes,,,Brainiac Attack,,,29.99
76041,Super Heroes,,,The Hydra Fortress Smash,,,59.99
10604,DUPLO Jake,,,Jake and the Never Land Pirates Treasure,,,22.99
66525,DUPLO Town,,,DUPLO Farm Value Pack,,,64.99
30202,Brick Based Promotions Themed,,,Smoothie Stand,,,4.99
30203,Brick Based Promotions Themed,,,Mini golf,,,4.99
30204,Brick Based Promotions Themed,,,Wish Fountain,,,4.99
30205,Brick Based Promotions Themed,,,Pop Star Red Carpet,,,3.99
30217,Brick Based Promotions Themed,,,LEGO® DUPLO® Forest,,,2.99
30218,Brick Based Promotions Themed,,,LEGO® DUPLO® Snail,,,2.99
30256,Brick Based Promotions Themed,,,Ice Bear Mech,,,3.99
30259,Brick Based Promotions Themed,,,Azari’s Magic Fire,,,4.99
30272,Brick Based Promotions Themed,,,A-Wing Starfighter™,,,3.99
30274,Brick Based Promotions Themed,,,AT-DP™,,,3.99
30275,Brick Based Promotions Themed,,,TIE Advanced Prototype™,,,3.99
30276,Brick Based Promotions Themed,,,SW2 Confidential,,,2.49
30283,Brick Based Promotions Themed,,,Off-Road,,,2.99
30284,Brick Based Promotions Themed,,,Tractor,,,2.99
30285,Brick Based Promotions Themed,,,Tiger,,,2.99
30286,Brick Based Promotions Themed,,,Christmas Tree,,,2.49
30291,Brick Based Promotions Themed,,,Anacondrai Battle Mech,,,3.49
30292,Brick Based Promotions Themed,,,Jay NanoMech,,,3.49
30293,Brick Based Promotions Themed,,,Kai Drifter,,,3.49
30294,Brick Based Promotions Themed,,,The Cowler Dragon,,,2.49
30303,Brick Based Promotions Themed,,,The Joker Bumper Car,,,3.99
30304,Brick Based Promotions Themed,,,Avengers #8,,,3.99
30305,Brick Based Promotions Themed,,,Spider-Man Super Jumper,,,3.99
30311,Brick Based Promotions Themed,,,Swamp Police Helicopter,,,3.49
30312,Brick Based Promotions Themed,,,Demolition Driller,,,3.49
30313,Brick Based Promotions Themed,,,Garbage Truck,,,3.49
30314,Brick Based Promotions Themed,,,Go-Kart Racer,,,3.49
30315,Brick Based Promotions Themed,,,Space Vehicle,,,2.49
30320,Brick Based Promotions Themed,,,PT IP B 2015 co pro,,,3.99
21109,LEGO Ideas,,,Exo Suit,,,34.99
