Category,Products / Retailers,Brand,Currys,Argos,Maplins,John Lewis,Amazon,Tesco,Asda
Freesat DTR,Sagemcom DTR94500,Sagemcom,http://www.currys.co.uk/gbuk/tv-dvd-blu-ray/digital-tv-services/freesat/sagemcom-dtr-94500-freesat-hd-recorder-21410750-pdt.html,http://www.argos.co.uk/static/Product/partNumber/1091733.htm,,,http://www.amazon.co.uk/DTR94500-500GB-Freesat-Recorder-110917333/dp/B00FLPHEIU/ref=sr_1_13?ie=UTF8&qid=1387878693&sr=8-13&keywords=Freesat+Recorders,http://www.tesco.com/direct/sagemcom-dtr94500-500gb-freesat-dtr/658-9780.prd?pageLevel=&skuId=658-9780,
Freesat DTR,Humax HDR 100S,Humax,http://www.currys.co.uk/gbuk/tv-dvd-blu-ray/digital-tv-services/freesat/humax-hdr-1000s-freesat-recorder-1-tb-13406863-pdt.html,,,,,,
Freesat DTR,Sandstrom 500GB,Sandstrom,http://www.currys.co.uk/gbuk/tv-dvd-blu-ray/digital-tv-services/freesat/sandstrom-shdfsat12-freesat-hd-recorder-500gb-15557208-pdt.html,,,,http://www.amazon.co.uk/Sandstrom-SHDFSAT12-Freesat-Tuner-Recorder/dp/B00AT50O4S/ref=sr_1_1?ie=UTF8&qid=1387880031&sr=8-1&keywords=Sandstrom+500GB,,
Freesat DTR,Manhattan HDR 320GB,Manhattan,http://www.currys.co.uk/gbuk/tv-dvd-blu-ray/digital-tv-services/freesat/manhattan-plaza-hdr-s-freesat-hd-recorder-320-gb-20895500-pdt.html,,,,http://www.amazon.co.uk/Manhattan-HDR-S-Receiver-Built-In-320GB/dp/B009EO8CW6/ref=sr_1_2?ie=UTF8&qid=1387878693&sr=8-2&keywords=Freesat+Recorders,http://www.tesco.com/direct/manhattan-freesathd-recorder-320gb/521-2770.prd?pageLevel=&skuId=521-2770,
Freesat DTR,Bush 320GB,Bush,,http://www.argos.co.uk/static/Product/partNumber/5322769.htm,,,http://www.amazon.co.uk/Bush-Freesat-Digital-Recorder-Player/dp/B0084FJ9X2/ref=sr_1_9?ie=UTF8&qid=1387878693&sr=8-9&keywords=Freesat+Recorders,,
Freesat DTR,Bush 500GB,Bush,,http://www.argos.co.uk/static/Product/partNumber/5323122.htm,,,,,
Freeview+ HD,Sagemcom RTI95-320,Sagemcom,http://www.currys.co.uk/gbuk/tv-dvd-blu-ray/digital-tv-services/freeview/sagemcom-rti-95-320-freeview-hd-recorder-320-gb-14134720-pdt.html,,http://www.maplin.co.uk/sagemcom-rti95-freeview-hd-twin-tuner-pvr-320gb-683888,,http://www.amazon.co.uk/Sagemcom-RTI95320-Freeview-Digital-Recorder/dp/B0091EM7MK/ref=sr_1_1?ie=UTF8&qid=1387879556&sr=8-1&keywords=Sagemcom+RTI95-320,,
Freeview+ HD,Sagemcom RTI95-500,Sagemcom,http://www.currys.co.uk/gbuk/tv-dvd-blu-ray/digital-tv-services/freeview/sagemcom-rti95-500-freeview-hd-recorder-500-gb-13406864-pdt.html,http://www.argos.co.uk/static/Product/partNumber/5323050.htm,,http://www.johnlewis.com/sagemcom-rti95-500-smart-500gb-freeview-hd-digital-tv-recorder/p765423,http://www.amazon.co.uk/Sagemcom-RTI95500-Freeview-Digital-Recorder/dp/B0091SIDGK/ref=sr_1_1?ie=UTF8&qid=1387879596&sr=8-1&keywords=Sagemcom+RTI95-500,http://www.tesco.com/direct/sagemcom-rti95-500-freeview-hd-digital-tv-recorder-with-500gb-hard-drive/227-2637.prd?pageLevel=&skuId=227-2637,
Freeview+ HD,Philips HDTP8530,Phillips,http://www.currys.co.uk/gbuk/tv-dvd-blu-ray/digital-tv-services/freeview/philips-hdtp-8530-freeview-hd-recorder-500-gb-13985229-pdt.html,http://www.argos.co.uk/static/Product/partNumber/5323067.htm,,,http://www.amazon.co.uk/Philips-HDTP8530-Definition-Freeview-Recorder/dp/B0091EM82Y/ref=sr_1_1?ie=UTF8&qid=1387879620&sr=8-1&keywords=Philips+HDTP8530,,
Freeview+ HD,Philips HDTP8540,Phillips,http://www.currys.co.uk/gbuk/tv-dvd-blu-ray/digital-tv-services/freeview/philips-hdtp8540-freeview-hd-recorder-1-tb-21410751-pdt.html,,,http://www.johnlewis.com/philips-hdtp-8540-1tb-freeview-hd-digital-tv-recorder/p757552,,,
Freeview+ HD,Humax,Humax,http://www.currys.co.uk/gbuk/tv-dvd-blu-ray/digital-tv-services/freeview/humax-hdr-2000t-freeview-hd-recorder-500-gb-21653452-pdt.html,http://www.argos.co.uk/static/Product/partNumber/1144697.htm,,http://www.johnlewis.com/humax-hdr-2000t-smart-500gb-freeview-hd-digital-tv-recorder/p833196,http://www.amazon.co.uk/Humax-HDR-2000T-Freeview-HD-Recorder/dp/B00FPLMRDC/ref=sr_1_5?ie=UTF8&qid=1387879121&sr=8-5&keywords=Freeview+HD+Recorders,,
Freeview+ HD,Logik,Logik,http://www.currys.co.uk/gbuk/tv-dvd-blu-ray/digital-tv-services/freeview/logik-l1hstb12-freeview-hd-recorder-1-tb-12448426-pdt.html,,,,,,
Freeview+ HD,Panasonic DMR HWT230EB,Panasonic,http://www.currys.co.uk/gbuk/tv-dvd-blu-ray/digital-tv-services/freeview/panasonic-dmr-hwt230eb-freeview-hd-recorder-1-tb-21445530-pdt.html,,,http://www.johnlewis.com/panasonic-dmr-hwt230-smart-1tb-freeview-hd-twin-recorder/p569121,http://www.amazon.co.uk/Panasonic-DMR-HWT230EB-Recorder-Freeview-Tuners/dp/B00BYUGN7O/ref=sr_1_1?ie=UTF8&qid=1387879660&sr=8-1&keywords=Panasonic+DMR+HWT230EB,,
Freeview+ HD,View21 320GB,View21,http://www.currys.co.uk/gbuk/tv-dvd-blu-ray/digital-tv-services/freeview/view21-vw107zrh32w-smart-hd-digital-tv-recorder-320-gb-21449768-pdt.html,,,,http://www.amazon.co.uk/Smart-Digital-Recorder-iPhone-Stream/dp/B009E3FS06/ref=sr_1_1?ie=UTF8&qid=1387879698&sr=8-1&keywords=View21,http://www.tesco.com/direct/view-21-smart-hd-digital-tv-set-top-box-recorder-320gb-hard-drive-apple-ipadiphone-stream/449-6458.prd?pageLevel=&skuId=449-6458,"http://direct.asda.com/View21-VW11FVRHD32---digital-multimedia-receiver/000581176,default,pd.html"
Freeview+ HD,Echostar HDT610,Echostar,http://www.currys.co.uk/gbuk/tv-dvd-blu-ray/digital-tv-services/freeview/echostar-ultraslim-hdt610-ngbwf-freeview-hd-recorder-500-gb-21312093-pdt.html,,http://www.maplin.co.uk/echostar-hdt610r-freeview-hd-tv-recorder-with-smart-tv-features-500gb-629916,,http://www.amazon.co.uk/EchoStar-Ultra-Freeview-Digital-Recorder/dp/B007ZYL5ZI/ref=sr_1_1?ie=UTF8&qid=1387879758&sr=8-1&keywords=Echostar,http://www.tesco.com/direct/echostar-hdt610r-ultra-slim-networked-freeview-hd-personal-video-recorder/435-5031.prd?pageLevel=&skuId=435-5031,
Freeview+ HD,Goodmans GV102ZRH50,Goodmans,http://www.currys.co.uk/gbuk/tv-dvd-blu-ray/digital-tv-services/freeview/goodmans-gv102zrh50-freeview-hd-recorder-500-gb-21427881-pdt.html,,,,http://www.amazon.co.uk/Goodmans-Freeview-Digital-Recorder-500GB/dp/B005FPZLJK/ref=sr_1_1?ie=UTF8&qid=1387879794&sr=8-1&keywords=Goodmans+GV102ZRH50,http://www.tesco.com/direct/goodmans-500gb-freeview-recorder/215-2321.prd?pageLevel=&skuId=215-2321,
Freeview+ HD,Panasonic DMR HWT130EB,Panasonic,http://www.currys.co.uk/gbuk/tv-dvd-blu-ray/digital-tv-services/freeview/panasonic-dmr-hwt130eb-freeview-hd-recorder-500-gb-21445531-pdt.html,http://www.argos.co.uk/static/Product/partNumber/1381498.htm,,http://www.johnlewis.com/panasonic-dmr-hwt130-smart-500gb-freeview-hd-twin-recorder/p569092,http://www.amazon.co.uk/Panasonic-DMR-HWT130EB-Recorder-Freeview-Tuners/dp/B00BYUGN74/ref=sr_1_1?ie=UTF8&qid=1387879070&sr=8-1&keywords=Freeview+HD+Recorders,,
Freeview+ HD,Hitachi  500GB,Hitachi,,http://www.argos.co.uk/static/Product/partNumber/1168305.htm,,,http://www.amazon.co.uk/Hitachi-Freeview-Digital-Recorder-HDR5T01/dp/B00FGO80F2/ref=sr_1_3?ie=UTF8&qid=1387879835&sr=8-3&keywords=Hitachi+500GB,,
Freeview+ HD,Bush 500Gb,Bush,,http://www.argos.co.uk/static/Product/partNumber/1278037.htm,,,,,
Freeview+ HD,Pure Avalon 300R 500GB,Pure Avalon,,,,http://www.johnlewis.com/pure-avalon-300r-connect-smart-500gb-wi-fi-freeview-hd-digital-tv-recorder/p231756729,http://www.amazon.co.uk/Pure-Connect-Freeview-Digital-Recorder/dp/B0094GF3CQ/ref=sr_1_1?ie=UTF8&qid=1387879917&sr=8-1&keywords=Pure+Avalon+300R+500GB,,
Freeview+ HD,Pure Avalon 300R 1TB,Pure Avalon,,,,http://www.johnlewis.com/pure-avalon-300r-connect-smart-1tb-wi-fi-freeview-hd-digital-tv-recorder/p231756728,http://www.amazon.co.uk/Pure-Connect-Freeview-Digital-Recorder/dp/B009CUPNCO/ref=sr_1_2?ie=UTF8&qid=1387879942&sr=8-2&keywords=Pure+Avalon+300R+500GB,http://www.tesco.com/direct/pure-avalon-300r-hd-pvr-1tb/783-0605.prd?pageLevel=&skuId=783-0605,
Philips PicoPix,PPX3610,Philips,http://www.currys.co.uk/gbuk/computing/monitors-and-projectors/projectors/philips-picopix-ppx3610-pico-projector-21423989-pdt.html,,,,http://www.amazon.co.uk/Philips-PicoPix-PPX3610-Multimedia-Projector/dp/B00CLXA3U6/ref=sr_1_2?ie=UTF8&qid=1387883216&sr=8-2&keywords=picopix,
Philips PicoPix,PPX2330,Philips,,http://www.argos.co.uk/static/Product/partNumber/9130555.htm,http://www.maplin.co.uk/p/philips-ppx2330-pocket-projector-a94lf,,http://www.amazon.co.uk/Philips-PicoPix-PPX2330-Lumens-Projector/dp/B0081T92LA/ref=sr_1_12?ie=UTF8&qid=1387883216&sr=8-12&keywords=picopix,
Philips PicoPix,PPX2055,Philips,http://www.currys.co.uk/gbuk/computing/monitors-and-projectors/projectors/philips-picopix-ppx2055-pico-projector-12127320-pdt.html,,http://www.maplin.co.uk/p/philips-ppx2055-pocket-projector-a93lf,,http://www.amazon.co.uk/Philips-PicoPIX-PX2055-Business-Projector/dp/B006U1F9OK/ref=sr_1_1?ie=UTF8&qid=1387883216&sr=8-1&keywords=picopix,
Philips PicoPix,PPX2055,Philips,http://www.currys.co.uk/gbuk/computing/monitors-and-projectors/projectors/philips-picopix-ppx2055-pico-projector-12127320-pdt.html,,http://www.maplin.co.uk/p/philips-picopix-projector-ppx3410-a14lx,,http://www.amazon.co.uk/Philips-PicoPIX-PX2055-Business-Projector/dp/B006U1F9OK/ref=sr_1_1?ie=UTF8&qid=1387883216&sr=8-1&keywords=picopix, PPX3410,,,http://www.maplin.co.uk/p/philips-picopix-projector-ppx3410-a14lx,,,
Philips PicoPix,PPX3410,Philips,,,http://www.maplin.co.uk/p/philips-picopix-projector-ppx3410-a14lx,,,
Philips PicoPix,PPX2480,Philips,http://www.currys.co.uk/gbuk/computing/monitors-and-projectors/projectors/philips-picopix-ppx2480-pico-projector-12127328-pdt.html,http://www.argos.co.uk/static/Product/partNumber/9086094.htm,,,http://www.amazon.co.uk/Philips-PPX2480-Projector-lumens-Black-silver/dp/B0075I8QZQ/ref=sr_1_8?ie=UTF8&qid=1387883216&sr=8-8&keywords=picopix,
Philips PicoPix,Aiptek V100,Aiptek,,,http://www.maplin.co.uk/p/aiptek-v100-pocket-cinema-projector-a94lk,,,
Philips PicoPix,Aiptek V10,Aiptek,,,http://www.maplin.co.uk/p/aiptek-v10-pocket-projector-a22jf,,,
Philips PicoPix,Telstar MP50,Telstar,,,http://www.maplin.co.uk/p/mp50-portable-hdmi-projector-n59qq,,,
Philips PicoPix,Optoma PK320,Optoma,,,http://www.maplin.co.uk/p/optoma-pk320-portable-projector-a22kx,,http://www.amazon.co.uk/Optoma-PK-320-Pico-Projector-WVGA/dp/B005UXRS48/ref=sr_1_12?ie=UTF8&qid=1387883594&sr=8-12&keywords=pico+projectors,
Philips PicoPix,Optoma PK120,Optoma,,,,,http://www.amazon.co.uk/Optoma-Pico-Pocket-PK120-Projector/dp/B005F5CJQS/ref=sr_1_6?ie=UTF8&qid=1387883486&sr=8-6&keywords=pocket+projectors,
Philips PicoPix,Pico Genie P100,Pico Genie,,,,,http://www.amazon.co.uk/Pico-Genie-Desktop-Screen-Projectors/dp/B009CYNDCC/ref=sr_1_5?ie=UTF8&qid=1387883594&sr=8-5&keywords=pico+projectors,
Philips Screeneo,PHD1590TV,Philips,http://www.currys.co.uk/gbuk/computing/monitors-and-projectors/projectors/philips-screeneo-phd-1590tv-hd-3d-projector-21817852-pdt.html,,,,,
Sagemcom DECT,Sixty Black,Sagemcom,http://www.currys.co.uk/gbuk/phones-broadband-gps/home-phones/digital-cordless-phones/sagemcom-sixty-black-digital-cordless-phone-with-answering-machine-13319669-pdt.html,http://www.argos.co.uk/static/Product/partNumber/1024126.htm,,http://www.johnlewis.com/sagemcom-sixty-cordless-telephone-and-answer-machine/p231233123?colour=Black,http://www.amazon.co.uk/Sagemcom-Digital-Cordless-Telephone-Answering/dp/B0054JBCX6/ref=sr_1_1?ie=UTF8&qid=1387887324&sr=8-1&keywords=Sagemcom,,
Sagemcom DECT,Sixty Purple,Sagemcom,,http://www.argos.co.uk/static/Product/partNumber/1433054.htm,,http://www.johnlewis.com/sagemcom-sixty-cordless-telephone-and-answer-machine/p231233123?colour=Purple,,,
Sagemcom DECT,D790A,Sagemcom,http://www.currys.co.uk/gbuk/phones-broadband-gps/home-phones/digital-cordless-phones/sagemcom-d790a-cordless-phone-with-answering-machine-21491633-pdt.html,http://www.argos.co.uk/static/Product/partNumber/1421224.htm,,http://www.johnlewis.com/sagemcom-d790a-digital-telephone-with-answering-machine-single-dect-bronze/p515079,http://www.amazon.co.uk/Sagemcom-D790A-Cordless-Telephone-Answering/dp/B00F8E2M5Y/ref=sr_1_9?ie=UTF8&qid=1387887324&sr=8-9&keywords=Sagemcom,,
Sagemcom DECT,D750A Twin,Sagemcom,http://www.currys.co.uk/gbuk/phones-broadband-gps/home-phones/digital-cordless-phones/sagemcom-d750a-cordless-phone-with-answering-machine-twin-handsets-21771240-pdt.html,http://www.argos.co.uk/static/Product/partNumber/1461789.htm,,,,,
Sagemcom DECT,D750A Single,Sagemcom,http://www.currys.co.uk/gbuk/phones-broadband-gps/home-phones/digital-cordless-phones/sagemcom-d750a-cordless-phone-with-answering-machine-21491634-pdt.html,http://www.argos.co.uk/static/Product/partNumber/1433205.htm,,,,,
Sagemcom DECT,D77V Single,Sagemcom,,http://www.argos.co.uk/static/Product/partNumber/1063321.htm,,,,http://www.tesco.com/direct/sagemcom-d77v-single/426-0518.prd?pageLevel=&skuId=426-0518,"http://direct.asda.com/Sagemcom-D77V-Twin-Digital-Phone/008734671,default,pd.html"
Sagemcom DECT,D77T Single,Sagemcom,,http://www.argos.co.uk/static/Product/partNumber/1024016.htm,,,http://www.amazon.co.uk/Sagemcom-D77T-Single-Cordless-Telephone/dp/B004Q9T7PU/ref=sr_1_2?ie=UTF8&qid=1387887324&sr=8-2&keywords=Sagemcom,http://www.tesco.com/direct/sagemcom-d77v-single-cordless-telephone/426-0518.prd?pageLevel=&skuId=426-0518,
