Product ID,Code,Category,Sub Category,Brand,Title,Subtitle
807875,BBN023056,Travel Solutions,Baby Carrier,BabyBjorn,Original Carrier,Cotton - Black
807878,BBN023071,Travel Solutions,Baby Carrier,BabyBjorn,Original Carrier,Cotton - Black Spirit
807856,BBN091025,Travel Solutions,Baby Carrier,BabyBjorn,One Carrier,Mesh - Black
1086948,ONAMBJUNO-V1-5,Travel Solutions,Baby Carrier,Mountain Buggy,Juno Baby Carrier,Black
961905,ONAPTCAL_2,Travel Solutions,Baby Carrier,Phil & Teds,Airlight Carrier,Leaf
961933,ONAPTCAL_5,Travel Solutions,Baby Carrier,Phil & Teds,Airlight Carrier,Black
961968,ONAPTCE7,Travel Solutions,Baby Carrier,Phil & Teds,Escape Carrier and Hood,Charcoal
961961,ONAPTCE11,Travel Solutions,Baby Carrier,Phil & Teds,Escape Carrier and Hood,Red
962206,ONAPTCEM-37,Travel Solutions,Baby Carrier,Phil & Teds,Emotion Carrier,Midnight Blue
962271,ONAPTCM7,Travel Solutions,Baby Carrier,Phil & Teds,Metro Carrier,Charcoal
962262,ONAPTCM11,Travel Solutions,Baby Carrier,Phil & Teds,Metro Carrier,Red
918511,GRA1818788,Travel Solutions,Baby Carrier,Graco,Evo Carrycot,Pit Stop
1069941,MUTCOTEVOINBL,Travel Solutions,Baby Carrier,Mutsy,Carrycot Evo INDUSTRIAL,Blue
1069945,MUTCOTEVOINGR,Travel Solutions,Baby Carrier,Mutsy,Carrycot Evo INDUSTRIAL,Grey
1025759,MUTCOTEXOPABL,Travel Solutions,Baby Carrier,Mutsy,Carrycot Exo,Pacific-Black
1025758,MUTCOTEXOPUBR,Travel Solutions,Baby Carrier,Mutsy,Carrycot Exo,Purple-Black
1070094,MUTCOTIGOFA-GROUP,Travel Solutions,Baby Carrier,Mutsy,Carrycot Igo FARMER,
1025785,MUTCOTIGOFAEARTHBSI,Travel Solutions,Baby Carrier,Mutsy,Carrycot Igo FARMER,Earth
1070160,MUTCOTIGORE-GROUP,Travel Solutions,Baby Carrier,Mutsy,Carrycot Igo REFLECT,
1025782,MUTCOTIGORECOBLACKBSI,Travel Solutions,Baby Carrier,Mutsy,Carrycot Igo REFLECT,Cosmo Black
368501,ONACCRC-01,Travel Solutions,Baby Carrier,Out N About,Nipper 360 Single Carrycot Rain Cover,
368502,ONACCUV-01,Travel Solutions,Baby Carrier,Out N About,Nipper 360 Single Carrycot UV Cover,
415913,ONACCV3-01RB,Travel Solutions,Baby Carrier,Out N About,Nipper 360 V3/V4 Single Carrycot,Raven Black
537791,ONACCV3-02RB,Travel Solutions,Baby Carrier,Out N About,Nipper 360 V2/V3/V4 Double Carrycot,Raven Black
744356,ONAMBCCPD-V1-5,Travel Solutions,Baby Carrier,Mountain Buggy,Duet Carrycot Plus,Black
764917,ONAMBCCPD-V1-7,Travel Solutions,Baby Carrier,Mountain Buggy,Duet Carrycot Plus,Flint
896524,ONAMBCCPS-V3-11,Travel Solutions,Baby Carrier,Mountain Buggy,Mini and Swift Carrycot Plus,Berry
897378,ONAMBCCPS-V3-44,Travel Solutions,Baby Carrier,Mountain Buggy,Mini and Swift Carrycot Plus,Gold
944917,ONAMBCCPSHD-V1-7,Travel Solutions,Baby Carrier,Mountain Buggy,Duet Carrycot Plus Sunhood,Flint
944843,ONAMBCCPSHD-V1-11,Travel Solutions,Baby Carrier,Mountain Buggy,Duet Carrycot Plus Sunhood,Chilli
763087,ONAMBCCPU-V3-37,Travel Solutions,Baby Carrier,Mountain Buggy,Urban Jungle Carrycot Plus,Nautical
577842,BAB20064,Health & Safety,Baby Health,Sock Ons,Vibrant Sock On,Charcoal 6-12 Months
374897,BAB90065,Health & Safety,Baby Health,Clippasafe,Bath Toy Bag,
374950,BAB90152,Health & Safety,Baby Health,Clippasafe,Mini Bath Mat,
808665,BBN051013,Health & Safety,Potty Training,BabyBjorn,Smart Potty,Turquoise
808642,BBN051015,Health & Safety,Potty Training,BabyBjorn,Smart Potty,Ocean Blue
808614,BBN055162,Health & Safety,Potty Training,BabyBjorn,Potty Chair,Spring Green
808836,BBN058024,Health & Safety,Potty Training,BabyBjorn,Toilet Trainer Seat,Snow White / Bright Red
808833,BBN058028,Health & Safety,Potty Training,BabyBjorn,Toilet Trainer Seat,Snow White / Pitch Black
650598,BPR23491,Health & Safety,Potty Training,Kids Kit,Baby Bug Potty,Pink Beige
650217,BPR23786,Health & Safety,Baby Health,Baby Banz,Mini Ear Defenders,Pink
650204,BPR23787,Health & Safety,Baby Health,Baby Banz,Mini Ear Defenders,Blue
851492,BPR25588,Health & Safety,Potty Training,Kids Kit,3 in 1 Toilet Trainer,Black and White
458401,ESOEDZCP,Health & Safety,Baby Health,EDZ Kidz,Childrens Ear Defenders,Black
458402,ESOEDZGP,Health & Safety,Baby Health,EDZ Kidz,Childrens Ear Defenders,Green
913228,GROHE001,Health & Safety,Baby Health,The Gro Company,Gro-Egg Shell,Orla the Owl
913229,GROHE002,Health & Safety,Baby Health,The Gro Company,Gro-Egg Shell,Percy the Penguin
408848,INTH510AK-442-RE,Health & Safety,Baby Health,Peltor,Childs Ear Defender,Neon Pink
699275,MCY16068-GROUP,Health & Safety,Baby Health,Maxi-Cosi,Flexibag Nappy Changing Bag,
761435,OBY26OB0102,Health & Safety,Baby Changing Units,Obaby,Open Changing Unit,White
759295,OBY26OB0203,Health & Safety,Baby Changing Units,Obaby,Closed Changing Unit,White with Pine Trim
945342,TTP423012,Health & Safety,Baby Health,Tommee Tippee,Closer to Nature Healthcare Kit,
945389,TTP42302071,Health & Safety,Baby Health,Tommee Tippee,Closer to Nature Digital Thermometer,
836187,BBIBB20-001,Health & Safety,Baby Health,BabaBing!,FlipOut Changing Mat,Black
650824,BPR24819,Health & Safety,Baby Health,Pipsy Koala,Unisex Changing Bag,
537739,ONACB01-PP,Health & Safety,Baby Health,Out N About,Nipper Changing Bag,Colour Purple Punch
537741,ONACB01-RB,Health & Safety,Baby Health,Out N About,Nipper Changing Bag,Colour Raven Black
577008,BAB111158,Nursery & Bedtime,Cribs & Cots,Breathable Baby,Mesh Cot Liner,Animal 2 by 2
374956,BAB150036,Nursery & Bedtime,Cribs & Cots,Clippasafe,Plug In Socket Night Light,
374810,BAB150552,Nursery & Bedtime,Cribs & Cots,BabyDan,Wooden Bed Rail Guard,Natural
810601,BBN040248,Nursery & Bedtime,Cribs & Cots,BabyBjorn,Travel Cot Light,Silver
1012346,BSLLAHOLOAK,Nursery & Bedtime,Cribs & Cots,BabyStyle,Hollie Cot Bed,Honey Oak
1012353,BSLLAHOLWAL,Nursery & Bedtime,Cribs & Cots,BabyStyle,Hollie Cot Bed,Rich Walnut
1012363,BSLLATRSIOA,Nursery & Bedtime,Cribs & Cots,BabyStyle,Trilogy Cot Bed,Honey Oak
1012364,BSLLATRSIWA,Nursery & Bedtime,Cribs & Cots,BabyStyle,Trilogy Cot Bed,Rich Walnut
1012265,CCO04079339020930,Nursery & Bedtime,Cribs & Cots,Chicco,Next 2 Me Crib,Circles
1012264,CCO05079339090930,Nursery & Bedtime,Cribs & Cots,Chicco,Next 2 Me Crib,Denim
724333,CCO07079339720930,Nursery & Bedtime,Cribs & Cots,Chicco,Next 2 Me Side Sleeping Crib,Dove Grey
724348,CCO08079923300930,Nursery & Bedtime,Bedding,Boppy,Total Body Pillow,Silverleaf
475338,CSTCT2648,Nursery & Bedtime,Mattresses,Cosatto,Comfi Kip Fibre Mattress,Cot Bed (120 x 60cm)
475308,CSTCT2649,Nursery & Bedtime,Mattresses,Cosatto,Comfi Kip Fibre Mattress,Cot Bed (140 x 70cm)
475302,CSTCT2650,Nursery & Bedtime,Mattresses,Cosatto,Springi 120 x 60cm Fibre Cot Mattress,
475303,CSTCT2651,Nursery & Bedtime,Mattresses,Cosatto,Springi 140 x 70cm Fibre Cot Bed Mattress,
475284,CSTCT2668A,Nursery & Bedtime,Mattresses,Cosatto,Springi Supa 140 x 70cm Cot Bed Mattress,
1063924,ECN756-GROUP,Nursery & Bedtime,Cribs & Cots,East Coast Nursery,Angelina Cot Bed,
956131,ECN4364ND,Nursery & Bedtime,Cribs & Cots,East Coast Nursery,Anna Dropside Cot,Cocoa
956137,ECN4365ND,Nursery & Bedtime,Cribs & Cots,East Coast Nursery,Anna Dropside Cot,Antique
956139,ECN4366ND,Nursery & Bedtime,Cribs & Cots,East Coast Nursery,Anna Dropside Cot,White
1063668,ECN7705,Nursery & Bedtime,Cribs & Cots,East Coast Nursery,Moses Stand,White
1065241,ECN7744,Nursery & Bedtime,Cribs & Cots,East Coast Nursery,Fontana Cot Bed,
956091,ECN7838,Nursery & Bedtime,Cribs & Cots,East Coast Nursery,Toulouse Cot Bed,
1011058,ECN7842,Nursery & Bedtime,Cribs & Cots,East Coast Nursery,Devon Cot Bed and Drawer,
1011115,ECN7847,Nursery & Bedtime,Cribs & Cots,East Coast Nursery,Monaco Cot Bed and Drawer,
900815,GROAAA3274,Nursery & Bedtime,Bedding,The Gro Company,Grobag Peek A Boo,0-6 Months (2.5 Tog)
900818,GROAAA3275,Nursery & Bedtime,Bedding,The Gro Company,Grobag Peek A Boo,6-18 Months (2.5 Tog)
900820,GROAAA3276,Nursery & Bedtime,Bedding,The Gro Company,Grobag Peek A Boo,18-36 Months (2.5 Tog)
900922,GROAAA3317,Nursery & Bedtime,Bedding,The Gro Company,Anorak Grobag Kissing Squirrels,0-6 Months (1.0 Tog)
900923,GROAAA3318,Nursery & Bedtime,Bedding,The Gro Company,Anorak Grobag Kissing Squirrels,6-18 Months (1.0 Tog)
900924,GROAAA3319,Nursery & Bedtime,Bedding,The Gro Company,Anorak Grobag Kissing Squirrels,18-36 Months (1.0 Tog)
911962,GROAFA1003,Nursery & Bedtime,Bedding,The Gro Company,Gro-Snug 2 in 1 Swaddle and Sleeping Bag,Grey Marl (Light)
913184,GROAHA0054,Nursery & Bedtime,Bedding,The Gro Company,Gro to Bed Bedding Set,Daisy Dreams (Cot Bed)
913232,GROHD026,Nursery & Bedtime,Bedding,The Gro Company,Gro-Light,Bayonet Fitting
913235,GROHD030,Nursery & Bedtime,Bedding,The Gro Company,Gro-Light,Edison E27 Screw Fitting
595898,HAUH-60743,Nursery & Bedtime,Cribs & Cots,Hauck,Baby Center Play Pen & Travel Cot,Bear
595899,HAUH-60746,Nursery & Bedtime,Cribs & Cots,Hauck,Baby Center Play Pen & Travel Cot,Pink Butterfly
802385,HAUH-60806,Nursery & Bedtime,Cribs & Cots,Hauck,Dream N Care Travel Cot & Play Pen,Bear
627629,HIPHCFBP1C,Nursery & Bedtime,Bedding,Hippychick,Waterproof Cotton Mattress Protector,Fitted Sheet - Cot Bed (70x140cm)
627630,HIPHCFBP2S,Nursery & Bedtime,Bedding,Hippychick,Waterproof Cotton Mattress Protector,Fitted Sheet - Single Bed (90x190cm)
627626,HIPHCFBP3D,Nursery & Bedtime,Bedding,Hippychick,Waterproof Cotton Mattress Protector,Fitted Sheet - Double Bed (140x190cm)
627627,HIPHCFBP4K,Nursery & Bedtime,Bedding,Hippychick,Waterproof Cotton Mattress Protector,Fitted Sheet - Kingsize Bed (150x200cm)
1052810,JOIP1028EACLD000,Nursery & Bedtime,Bedding,Joie,Commuter Change Travel Cot,Cloud
770887,JOIP1028EASHD220,Nursery & Bedtime,Bedding,Joie,SecureClick Travel Cot,Commuter Change
1011190,OBY21DB0402,Nursery & Bedtime,Cribs & Cots,Obaby,Disney Winnie the Pooh and Friends Cot Bed,
1011262,OBY21DB0507,Nursery & Bedtime,Cribs & Cots,Obaby,Disney Winnie the Pooh Dreams & Wishes Deluxe Cot Bed,
1011649,OBY21OB0403,Nursery & Bedtime,Cribs & Cots,Obaby,Newark Cot Bed,White
745209,OBY22DB0101,Nursery & Bedtime,Cribs & Cots,Obaby,Winnie The Pooh Gliding Crib,Country Pine
761511,OBY22OB0102,Nursery & Bedtime,Cribs & Cots,Obaby,Sophie Swinging Crib,White
746735,OBY24OB2600,Nursery & Bedtime,Mattresses,Obaby,Foam Mattress,Cot (120 x 60cm)
746737,OBY24OB2700,Nursery & Bedtime,Mattresses,Obaby,Foam Mattress,Cot Bed (140 x 70cm)
746773,OBY24OB3600,Nursery & Bedtime,Mattresses,Obaby,Sprung Mattress,Cot (120 x 60cm)
746777,OBY24OB3700,Nursery & Bedtime,Mattresses,Obaby,Sprung Mattress,Cot Bed (140 x 70cm)
746785,OBY24OB4700,Nursery & Bedtime,Mattresses,Obaby,Pocket Sprung Mattress,Cot Bed (140 x 70cm)
746806,OBY24OB5700,Nursery & Bedtime,Mattresses,Obaby,Natural Coir and Wool Mattress,Cot Bed (140 x 70cm)
1051558,OBY32DB1005,Nursery & Bedtime,Cribs & Cots,Obaby,Disney Love Minnie Musical Mobile,
1047831,OBY32DB1007,Nursery & Bedtime,Cribs & Cots,Obaby,Disney Love Minnie Moses Basket,
960206,OBYWTPCOTBEDDRAWERW/KIT,Nursery & Bedtime,Cribs & Cots,Obaby,Winnie the Pooh Deluxe Cot Bed and Drawer,White
960190,OBYWTPCOTDRAWER-GROUP,Nursery & Bedtime,Cribs & Cots,Obaby,Winnie the Pooh Deluxe Cot Bed and Drawer,
381830,ONAPTTRV35,Nursery & Bedtime,Cribs & Cots,Phil & Teds,Traveller Travel Cot,Black
381831,ONAPTTRV36,Nursery & Bedtime,Cribs & Cots,Phil & Teds,Traveller Travel Cot,Silver
797385,SAP73X35FM,Nursery & Bedtime,Mattresses,Saplings,Foam Mattress,73 x 35cm
797386,SAP84X43FM,Nursery & Bedtime,Mattresses,Saplings,Foam Mattress,84 x 43cm
797388,SAP90X40FM,Nursery & Bedtime,Mattresses,Saplings,Foam Mattress,90 x 40cm
797391,SAP92X54FM,Nursery & Bedtime,Mattresses,Saplings,Foam Mattress,92 x 54cm
375272,SAPCTCC,Nursery & Bedtime,Cribs & Cots,Saplings,Cot Top Changer,Country Pine
801296,SAPCTCN,Nursery & Bedtime,Cribs & Cots,Saplings,Cot Top Changer,Natural
801307,SAPECN,Nursery & Bedtime,Cribs & Cots,Saplings,Evacuation Cot,
801319,SAPECNPVC,Nursery & Bedtime,Cribs & Cots,Saplings,Evacuation Cot,with Mattress
375283,SAPGLCBC,Nursery & Bedtime,Cribs & Cots,Saplings,Glideaway Cot Bed,Country Pine
801444,SAPGLCBW,Nursery & Bedtime,Cribs & Cots,Saplings,Glideaway Cot Bed,White
805706,SAPHJBW,Nursery & Bedtime,Cribs & Cots,Saplings,Heart Junior Bed,White
375281,SAPJBC,Nursery & Bedtime,Cribs & Cots,Saplings,Junior Bed,Country Pine
806847,SAPJCN,Nursery & Bedtime,Cribs & Cots,Saplings,Jessica Cot,Natural
806869,SAPJENCC,Nursery & Bedtime,Cribs & Cots,Saplings,Jenny Cot,Country Pine
806872,SAPJENCN,Nursery & Bedtime,Cribs & Cots,Saplings,Jenny Cot,Natural
806883,SAPKCBN,Nursery & Bedtime,Cribs & Cots,Saplings,Kirsty Cot Bed,Natural
375293,SAPKCBW,Nursery & Bedtime,Cribs & Cots,Saplings,Kirsty Cot Bed,White
806896,SAPKCFMC,Nursery & Bedtime,Cribs & Cots,Saplings,Katie Crib and Mattress,Country Pine
807022,SAPPJBCI,Nursery & Bedtime,Cribs & Cots,Saplings,Poppy Junior Bed,Country Pine & Ivory
807135,SAPSCC,Nursery & Bedtime,Cribs & Cots,Saplings,Suzie Cot,Country Pine
375301,SAPSSCFMN,Nursery & Bedtime,Cribs & Cots,Saplings,Space Saver Cot,Natural
807209,SAPSTCBBW,Nursery & Bedtime,Cribs & Cots,Saplings,Stephanie Cot Bed,Black and White
375304,SAPWJBO,Nursery & Bedtime,Cribs & Cots,Saplings,Warwick Junior Bed Oak,
1011401,TUT211039/11,Nursery & Bedtime,Cribs & Cots,Tutti Bambini,Lucas Cot Bed,White
1011404,TUT211070/11,Nursery & Bedtime,Cribs & Cots,Tutti Bambini,Louis Cot Bed,White
1011405,TUT211070/35,Nursery & Bedtime,Cribs & Cots,Tutti Bambini,Louis Cot Bed,Old English
1011396,TUT211125/04,Nursery & Bedtime,Cribs & Cots,Tutti Bambini,Jenny Cot,Natural
1011453,TUT211661/10,Nursery & Bedtime,Cribs & Cots,Tutti Bambini,Sovereign Cot Top Changer,High Gloss White
1011451,TUT211674/35,Nursery & Bedtime,Cribs & Cots,Tutti Bambini,Milan Cot Top Changer,Reclaimed Oak
1011475,TUTBAM/CO70,Nursery & Bedtime,Mattresses,Tutti Bambini,Coir Fibre Mattress,Cot Bed (70 x 140cm)
1011472,TUTBAM/PS60,Nursery & Bedtime,Mattresses,Tutti Bambini,Pocket Sprung Mattress,Cot (60 x 120cm)
1032414,BTX2000023181,Nursery & Bedtime,Cribs & Cots,Britax,Hard Carrycot,Cosmos Black
706312,QNY76959130,Nursery & Bedtime,Cribs & Cots,Quinny,Foldable Carrycot,Black / Blue Base
706317,QNY76959140,Nursery & Bedtime,Cribs & Cots,Quinny,Foldable Carrycot,Grey Gravel
836215,BBIBB30-002,Play & Learn,"Bouncers, Rockers & Swings",BabaBing!,RockOut Rocker,
836199,BBIBB35-001,Play & Learn,"Bouncers, Rockers & Swings",BabaBing!,LoBo 2 Bouncer,
810611,BBN005022,Play & Learn,"Bouncers, Rockers & Swings",BabyBjorn,Bouncer Balance Soft,Cotton - Black & Dark Grey
723995,CCO04067691670930,Play & Learn,"Bouncers, Rockers & Swings",Chicco,Polly Swing,Lilla
724056,CCO06079349150930,Play & Learn,"Bouncers, Rockers & Swings",Chicco,Balloon Bouncer,Spring
724326,CCO07079110470930,Play & Learn,"Bouncers, Rockers & Swings",Chicco,Polly Swing Up,Grey
724327,CCO07079110930930,Play & Learn,"Bouncers, Rockers & Swings",Chicco,Polly Swing Up,Red Wave
760565,FMS14-01-004,Play & Learn,"Bouncers, Rockers & Swings",4moms,rockaRoo Baby Rocker,Classic Grey
760567,FMS14-01-005,Play & Learn,"Bouncers, Rockers & Swings",4moms,rockaRoo Baby Rocker,Plush Silver
760560,FMS15-01-001,Play & Learn,"Bouncers, Rockers & Swings",4moms,mamaRoo 3.0 Baby Rocker,Plush Silver
760559,FMS15-01-002,Play & Learn,"Bouncers, Rockers & Swings",4moms,mamaRoo 3.0 Baby Rocker,Plush Multi
595936,HAUH-63337,Play & Learn,"Bouncers, Rockers & Swings",Hauck,Bungee Deluxe Floor Rocker,Cross
595935,HAUH-63338,Play & Learn,"Bouncers, Rockers & Swings",Hauck,Disney Bungee Deluxe Bouncer,Pooh Tidy Time
609696,HAUH-63420,Play & Learn,"Bouncers, Rockers & Swings",Hauck,Leisure E-Motion Lounger Bouncer,Fruits
772024,JOIW1306ABPTT220,Play & Learn,"Bouncers, Rockers & Swings",Joie,Serina 2 in 1 Rocker,Petite Trees
1053028,NUNSE-10-004UK,Play & Learn,"Bouncers, Rockers & Swings",Nuna,LEAF Rocker,Cinder
819148,NUNSE-10-020UK,Play & Learn,"Bouncers, Rockers & Swings",Nuna,LEAF Rocker,Bisque
1040642,TYL22218001,Play & Learn,"Bouncers, Rockers & Swings",Tiny Love,Gymini Bouncer,Beach
1040626,TYL22218011,Play & Learn,"Bouncers, Rockers & Swings",Tiny Love,3-in-1 Rocker Napper,Red
1040644,TYL22218014,Play & Learn,"Bouncers, Rockers & Swings",Tiny Love,Take-Along Bouncer,Red
1040629,TYL22218030,Play & Learn,"Bouncers, Rockers & Swings",Tiny Love,3-in-1 Rocker Napper,Grey/ Turquoise
1040643,TYL22218033,Play & Learn,"Bouncers, Rockers & Swings",Tiny Love,Gymini Bouncer,Under The Sea
1003100,AXK15-48-006,Car Seats,,Axkid,Minikid Group 1/2 Car Seat,Red
375417,BAB140500,Car Seats,,Summer Infant,Seat Back Protector 2 Pack,
730852,BES515170,Car Seats,,BeSafe,iZi Up X3 Fix Car Seat Group 2/3,Ruby Red
821220,BES539046,Car Seats,,BeSafe,iZi Combi X4 Car Seat Group 0+/1,Car Interior
426870,BES553037,Car Seats,,BeSafe,iZi Go Group 0+ Car Seat,Red/Grey
986623,BES560002,Car Seats,,BeSafe,iZi Go Modular i-Size Infant Carrier,Metallic Melange
986628,BES560057,Car Seats,,BeSafe,iZi Go Modular i-Size Infant Carrier,Black Cab
986629,BES569500,Car Seats,,BeSafe,iZi Modular i-Size ISOFIX Base,
986645,BES580002,Car Seats,,BeSafe,iZi Modular i-Size Car Seat,Metallic Melange
986767,BES580064,Car Seats,,BeSafe,iZi Modular i-Size Car Seat,Black Cab
650881,BPR24775,Car Seats,,Prince Lionheart,Child View Mirror,Black / Grey
651083,BPR25062,Car Seats,,Very Hungry Caterpillar,Roller Sunblinds,2 Pack
651086,BPR25129,Car Seats,,Very Hungry Caterpillar,Neck Roll,
586063,BTX2000007847,Car Seats,,Britax,Eclipse Group 1 Car Seat,Chili Pepper
586064,BTX2000007848,Car Seats,,Britax,Eclipse Group 1 Car Seat,Dark Grape
1032230,BTX2000022444,Car Seats,,Britax,KIDFIX XP SICT Group 2/3 Car Seat,Flame Red
1032231,BTX2000022445,Car Seats,,Britax,KIDFIX XP SICT Group 2/3 Car Seat,Ocean Blue
1032246,BTX2000022477,Car Seats,,Britax,KIDFIX SL SICT Group 2-3 Car Seat,Cosmos Black
1032250,BTX2000022478,Car Seats,,Britax,KIDFIX SL SICT Group 2-3 Car Seat,Flame Red
1031368,BTX2000022706,Car Seats,,Britax,SAFEFIX PLUS Group 1 Car Seat,Cosmos Black
1031386,BTX2000022707,Car Seats,,Britax,SAFEFIX PLUS Group 1 Car Seat,Flame Red
1031600,BTX2000022753,Car Seats,,Britax,DUO PLUS Group 1 Car Seat,Cosmos Black
1031606,BTX2000022754,Car Seats,,Britax,DUO PLUS Group 1 Car Seat,Flame Red
1028450,BTX2000022819,Car Seats,,Britax,DUALFIX Group 0+/1 Isofix Car Seat,Cosmos Black
1028451,BTX2000022820,Car Seats,,Britax,DUALFIX Group 0+/1 Isofix Car Seat,Flame Red
1032166,BTX2000022871,Car Seats,,Britax,EVOLVA 123 PLUS Group 1/2/3 Car Seat,Black Cosmos
1032177,BTX2000022872,Car Seats,,Britax,EVOLVA 123 PLUS Group 1/2/3 Car Seat,Flame Red
1029442,BTX2000022945,Car Seats,,Britax,FIRST CLASS PLUS Group 0/1 Car Seat,Cosmos Black
1029460,BTX2000022946,Car Seats,,Britax,FIRST CLASS PLUS Group 0/1 Car Seat,Flame Red
1028228,BTX2000023263,Car Seats,,Britax,BABY-SAFE PLUS SHR II Group 0+ Infant Carrier,Cosmos Black
1028252,BTX2000023264,Car Seats,,Britax,Baby-Safe Plus SHR II Group 0+ Infant Carrier,Flame Red
1031684,BTX2000024474,Car Seats,,Britax,ECLIPSE Group 1 Car Seat,Black Thunder
1044793,BTX2000024478,Car Seats,,Britax,EVOLVA 123 Group 1/2/3 Car Seat,Black Thunder
1044794,BTX2000024482,Car Seats,,Britax,PRINCE Group 1 Car Seat,Black Thunder
1064661,BTX2000024484,Car Seats,,Britax,ADVENTURE Group 2/3 Car Seat,Cosmos Black
1032256,BTXKIDFIXSL-GROUP,Car Seats,,Britax,KIDFIX SL Group 2/3 ISOFIX Car Seat,
595436,BTXKIDFIXSLSICT-GROUP,Car Seats,,Britax,KIDFIX SL SICT Group 2/3 ISOFIX Car Seat,
1036441,CCDREV0971,Car Seats,,Concord,Reverso Plus i-Size Car Seat to 106cm,Midnight Black
1032172,CCDREV0972,Car Seats,,Concord,Reverso Plus I-size Car Seat to 106cm,Graphite Grey
521545,CSTCT2664,Car Seats,,Cosatto,Hold ISOFIX Base,
357115,CSTCT2765,Car Seats,,Cosatto,Hug Reclining Car Seat Group 1/2/3,All Star
630910,CSTCT2919,Car Seats,,Cosatto,Zoomi Group 1/2/3 Car Seat,C-Rex
630913,CSTCT2920,Car Seats,,Cosatto,Zoomi Group 1/2/3 Car Seat,Poppidelic
727358,CSTCT2972,Car Seats,,Cosatto,Hold Group 0+ Car Seat,Flamingo Fling
730462,CSTCT3034,Car Seats,,Cosatto,Hold Group 0+ Car Seat,Old Skool
730464,CSTCT3035,Car Seats,,Cosatto,Hold Group 0+ Car Seat,Tropico
899103,CSTCT3056,Car Seats,,Cosatto,Moova 2 Car Seat,Cuddle Monster 2
904879,CSTCT3057,Car Seats,,Cosatto,Moova 2 Car Seat,Twee Twoo
851715,CSTCT3059,Car Seats,,Cosatto,Zoomi Group 1/2/3 Car Seat,Cuddle Monster 2
904906,CSTCT3117,Car Seats,,Cosatto,Hubbub Group 1/2/3 ISOFIX Car Seat,Twee Twoo
1003216,CSTCT3142,Car Seats,,Cosatto,Port Group 0+ Infant Carrier and ISOFIX Base,Fox Tale
1003717,CSTCT3204,Car Seats,,Cosatto,Hubbub Group 1/2/3 ISOFIX Car Seat with 5 Point Plus,Cuddle Monster 2
1003715,CSTCT3205,Car Seats,,Cosatto,Hubbub Group 1/2/3 ISOFIX Car Seat with 5 Point Plus,Kokeshi Smile
1003976,CSTCT3210,Car Seats,,Cosatto,Hug ISOFIX Group 1/2/3 Car Seat with 5 Point Plus,Kokeshi Smile
1003979,CSTCT3211,Car Seats,,Cosatto,Hug ISOFIX Group 1/2/3 Car Seat with 5 Point Plus,Cuddle Monster 2
1003222,CSTCT3251,Car Seats,,Cosatto,Port Group 0+ Infant Carrier and ISOFIX Base,Pixelate
1003647,CSTCT3252,Car Seats,,Cosatto,Moova 2 Car Seat with 5 Point Plus,Cuddle Monster 2
1003669,CSTCT3255,Car Seats,,Cosatto,Zoomi Group 1/2/3 Car Seat with 5 Point Plus,Dilly Dolly
1003672,CSTCT3256,Car Seats,,Cosatto,Zoomi Group 1/2/3 Car Seat with 5 Point Plus,Flamingo Fling
1003972,CSTCT3259,Car Seats,,Cosatto,Hug ISOFIX Group 1/2/3 Car Seat with 5 Point Plus,Daisy Dot
1003964,CSTCT3260,Car Seats,,Cosatto,Hug ISOFIX Group 1/2/3 Car Seat with 5 Point Plus,Pixelate
589590,CYB513125002,Car Seats,,Cybex,Aton Base 2 Belted Base,
589591,CYB513126002,Car Seats,,Cybex,Aton Base 2-Fix Isofix Base,
727048,CYB515114013,Car Seats,,Cybex,Solution M-Fix Car Seat Group 2/3,Black Sea
1004100,CYB516104019,Car Seats,,Cybex,Aton 4 Car Seat Group 0+,Mars Red
1004101,CYB516104021,Car Seats,,Cybex,Aton 4 Car Seat Group 0+,Royal Blue
1004103,CYB516104023,Car Seats,,Cybex,Aton 4 Car Seat Group 0+,Manhattan Grey
1006630,CYB516122017,Car Seats,,Cybex,Sirona M i-Size 40 to 105cm Car Seat,Happy Black
1006634,CYB516122019,Car Seats,,Cybex,Sirona M i-Size 40 to 105cm Car Seat,Olive Khaki
1006635,CYB516122021,Car Seats,,Cybex,Sirona M i-Size 40 to 105cm Car Seat,Mars Red
1005868,CYB516133001,Car Seats,,Cybex,Pallas M Car Seat Group 1/2/3,Happy Black
1005871,CYB516133003,Car Seats,,Cybex,Pallas M Car Seat Group 1/2/3,Olive Khaki
1005879,CYB516133005,Car Seats,,Cybex,Pallas M Car Seat Group 1/2/3,Mars Red
1005621,CYB516134001,Car Seats,,Cybex,Pallas M-Fix Car Seat Group 1/2/3,Happy Black
1005622,CYB516134003,Car Seats,,Cybex,Pallas M-Fix Car Seat Group 1/2/3,Olive Khaki
1005623,CYB516134005,Car Seats,,Cybex,Pallas M-Fix Car Seat Group 1/2/3,Mars Red
1006071,CYB516146001,Car Seats,,Cybex,Solution M-Fix Car Seat Group 2/3,Happy Black
1006081,CYB516146003,Car Seats,,Cybex,Solution M-Fix Car Seat Group 2/3,Olive Khaki
1006086,CYB516146005,Car Seats,,Cybex,Solution M-Fix Car Seat Group 2/3,Mars Red
1006088,CYB516146007,Car Seats,,Cybex,Solution M-Fix Car Seat Group 2/3,Royal Blue
1006089,CYB516146009,Car Seats,,Cybex,Solution M-Fix Car Seat Group 2/3,Manhattan Grey
1006092,CYB516146011,Car Seats,,Cybex,Solution M-Fix Car Seat Group 2/3,Phantom Grey
956073,CYB516151003,Car Seats,,Cybex,Juno 2-Fix Group 1 Car Seat,Olive Khaki
956075,CYB516151005,Car Seats,,Cybex,Juno 2-Fix Group 1 Car Seat,Mars Red
956076,CYB516151007,Car Seats,,Cybex,Juno 2-Fix Group 1 Car Seat,Royal Blue
1060386,DIO120-GROUP,Car Seats,,Diono,Radian 5 Group 0+/1/2 Car Seat,
852520,DIO15070,Car Seats,,Diono,Monterey 2 Group 2/3 Car Seat,Black
852524,DIO15071,Car Seats,,Diono,Monterey 2 Group 2/3 Car Seat,Blue
883302,DIO40100,Car Seats,,Diono,Cool Shade,
891314,DIO40111,Car Seats,,Diono,Easy View Mirror,
891325,DIO40121,Car Seats,,Diono,Grip It,
891327,DIO40140,Car Seats,,Diono,Sit Rite,
891332,DIO40150,Car Seats,,Diono,Sure Fit,
891337,DIO40155,Car Seats,,Diono,Seat Shade,
891385,DIO40230,Car Seats,,Diono,Stuff 'n' Scuff,
891391,DIO40241,Car Seats,,Diono,Ultra Mat,
891404,DIO40245,Car Seats,,Diono,Stow 'n Go,
891406,DIO40270,Car Seats,,Diono,Bag It,
891408,DIO40275,Car Seats,,Diono,Sun Stoppers,
891411,DIO40280,Car Seats,,Diono,Sun Stop,
891416,DIO40285,Car Seats,,Diono,Cuddle Soft,
891418,DIO40305,Car Seats,,Diono,Travel Pal,
891519,DIO40400,Car Seats,,Diono,Dry Seat,
891523,DIO40401,Car Seats,,Diono,Ultra Dry Seat,
891524,DIO40502,Car Seats,,Diono,Super Mat,
891702,DIO40504,Car Seats,,Diono,Seat Guard,
891541,DIO40506,Car Seats,,Diono,Seat Guard Complete,
892195,DIO60341,Car Seats,,Diono,Easy View Plus Mirror,
892197,DIO60346,Car Seats,,Diono,See Me Too Mirror,
923370,GRA1818681,Car Seats,,Graco,Junior Baby Group 0+ Car Seat,Pit Stop
310057,HAUH-60909,Car Seats,,Hauck,Varioguard Group 0+/1 Child Car Seat,Black/Red
310058,HAUH-60910,Car Seats,,Hauck,Varioguard Group 0+/1 Child Car Seat,Black/Beige
310059,HAUH-60911,Car Seats,,Hauck,Varioguard Group 0+/1 Child Car Seat,Black/Pink
1059134,HAUH-61503,Car Seats,,Hauck,Guardfix Group 1 Car Seat,Black/ Aqua
766566,JAL14-01-021,Car Seats,,Kids Embrace,Friendship Combination Group 1/2/3 Car Seat,TMNT
832128,JAL14-01-022,Car Seats,,Kids Embrace,Friendship Combination Group 1/2/3 Car Seat,Dora the Explorer
770059,JOIC0902GAEBN000,Car Seats,,Joie,Tilt Group 0+/1 Car Seat,Ebony
770074,JOIC0911AEBLC220,Car Seats,,Joie,Gemm Group 0+ Car Seat,Black Carbon
770185,JOIC0925CDCRB000,Car Seats,,Joie,Stages Group 0+/1/2 Car Seat,Caribbean
770186,JOIC0925CDCVR000,Car Seats,,Joie,Stages Group 0+/1/2 Car Seat,Caviar
1044931,JOIC1034BASLA000,Car Seats,,Joie,Duallo Group 2/3 ISOFIX Car Seat ISOFIX,Salsa
770248,JOIC1101ACBLC000,Car Seats,,Joie,Juva Group 0+ Car Seat,Black Carbon
770415,JOIC1126BALQR220,Car Seats,,Joie,i-Anchor Group 0+/1 Car Seat,Liquorice
1044763,JOIC1209AASLA000,Car Seats,,Joie,Every Stage Group 0+/1/2/3 Car Seat,Salsa
1044750,JOIC1209AATTB000,Car Seats,,Joie,Every Stage Group 0+/1/2/3 Car Seat,Two Tone Black
770550,JOIC1220BBSLA000,Car Seats,,Joie,Trillo Group 2/3 Car Seat,Salsa
770582,JOIC1220DACBS000,Car Seats,,Joie,Trillo Shield Group 1/2/3 Car Seat,Cyberspace
770610,JOIC1404AAPAV000,Car Seats,,Joie,i-Gemm Group 0+ Car Seat,Pavement
1045206,JOIC1405AACHR000,Car Seats,,Joie,Elevate Group 1/2/3 Car Seat,Cherry
1040849,JOIC1413AAMER000,Car Seats,,Joie,i-Anchor Advance 40-105cm Car Seat,Merlot
1040844,JOIC1413AATTB000,Car Seats,,Joie,i-Anchor Advance 40-105cm Car Seat,Two Tone Black
1006960,KDY41542PF018,Car Seats,,Kiddy,Phoenixfix Pro 2 Group 1 ISOFIX Child Car Seat,Marrakech
1006954,KDY41542PF048,Car Seats,,Kiddy,Phoenixfix Pro 2 Group 1 ISOFIX Child Car Seat,Mumbai
1006951,KDY41542PF049,Car Seats,,Kiddy,Phoenixfix Pro 2 Group 1 ISOFIX Child Car Seat,Sao Paulo
1006989,KDY41542PF051,Car Seats,,Kiddy,Phoenixfix Pro 2 Group 1 ISOFIX Child Car Seat,Shanghai
502934,KDY41542PF52,Car Seats,,Kiddy,Phoenixfix Pro 2 Group 1 Isofix Child Car Seat,Pink
1006958,KDY41542PF058,Car Seats,,Kiddy,Phoenixfix Pro 2 Group 1 ISOFIX Child Car Seat,Honolulu
1006955,KDY41542PF062,Car Seats,,Kiddy,Phoenixfix Pro 2 Group 1 ISOFIX Child Car Seat,Oslo
1006991,KDY41542PF064,Car Seats,,Kiddy,Phoenixfix Pro 2 Group 1 ISOFIX Child Car Seat,Silverstone
1006949,KDY41542PF068,Car Seats,,Kiddy,Phoenixfix Pro 2 Group 1 ISOFIX Child Car Seat,Singapore
1006953,KDY41542PF069,Car Seats,,Kiddy,Phoenixfix Pro 2 Group 1 ISOFIX Child Car Seat,Manhattan
1006967,KDY41542PF091,Car Seats,,Kiddy,Phoenixfix Pro 2 Group 1 ISOFIX Child Car Seat,Dublin
1007199,KDY41551GF018,Car Seats,,Kiddy,Guardianfix Pro 2 ISOFIX Group 1/2/3 Child Car Seat,Marrakech
1007195,KDY41551GF048,Car Seats,,Kiddy,Guardianfix Pro 2 ISOFIX Group 1/2/3 Child Car Seat,Mumbai
1007193,KDY41551GF049,Car Seats,,Kiddy,Guardianfix Pro 2 ISOFIX Group 1/2/3 Child Car Seat,Sao Paulo
1007202,KDY41551GF051,Car Seats,,Kiddy,Guardianfix Pro 2 ISOFIX Group 1/2/3 Child Car Seat,Shanghai
502974,KDY41551GF52,Car Seats,,Kiddy,Guardianfix Pro 2 Isofix Group 1/2/3 Child Car Seat,Pink
1007197,KDY41551GF058,Car Seats,,Kiddy,Guardianfix Pro 2 ISOFIX Group 1/2/3 Child Car Seat,Honolulu
1007196,KDY41551GF062,Car Seats,,Kiddy,Guardianfix Pro 2 ISOFIX Group 1/2/3 Child Car Seat,Oslo
1007203,KDY41551GF064,Car Seats,,Kiddy,Guardianfix Pro 2 ISOFIX Group 1/2/3 Child Car Seat,Silverstone
1007192,KDY41551GF068,Car Seats,,Kiddy,Guardianfix Pro 2 ISOFIX Group 1/2/3 Child Car Seat,Singapore
1007194,KDY41551GF069,Car Seats,,Kiddy,Guardianfix Pro 2 ISOFIX Group 1/2/3 Child Car Seat,Manhattan
394223,KDY41551GF79,Car Seats,,Kiddy,Guardianfix Pro 2 Isofix Group 1/2/3 Child Car Seat,Rumba
394224,KDY41551GF80,Car Seats,,Kiddy,Guardianfix Pro 2 Isofix Group 1/2/3 Child Car Seat,Sand
502975,KDY41551GF82,Car Seats,,Kiddy,Guardianfix Pro 2 Isofix Group 1/2/3 Child Car Seat,Sunshine
1007201,KDY41551GF091,Car Seats,,Kiddy,Guardianfix Pro 2 ISOFIX Group 1/2/3 Child Car Seat,Dublin
394227,KDY41551GFE77,Car Seats,,Kiddy,Guardianfix Pro 2 Isofix Group 1/2/3 Child Car Seat,Racing Black
1007204,KDY41560SF-GROUP,Car Seats,,Kiddy,Smartfix Group 2/3 Car Seat,
1007237,KDY41560SF018,Car Seats,,Kiddy,Smartfix Group 2/3 Car Seat,Marrakech
1007252,KDY41560SF048,Car Seats,,Kiddy,Smartfix Group 2/3 Car Seat,Mumbai
1007248,KDY41560SF049,Car Seats,,Kiddy,Smartfix Group 2/3 Car Seat,Sao Paulo
1007255,KDY41560SF051,Car Seats,,Kiddy,Smartfix Group 2/3 Car Seat,Shanghai
1007250,KDY41560SF058,Car Seats,,Kiddy,Smartfix Group 2/3 Car Seat,Honolulu
1007243,KDY41560SF062,Car Seats,,Kiddy,Smartfix Group 2/3 Car Seat,Oslo
1007246,KDY41560SF064,Car Seats,,Kiddy,Smartfix Group 2/3 Car Seat,Silverstone
1007249,KDY41560SF068,Car Seats,,Kiddy,Smartfix Group 2/3 Car Seat,Singapore
1007256,KDY41560SF069,Car Seats,,Kiddy,Smartfix Group 2/3 Car Seat,Manhattan
1007267,KDY41560SF091,Car Seats,,Kiddy,Smartfix Group 2/3 Car Seat,Dublin
732156,KDY41931EL008,Car Seats,,Kiddy,Evo-Lunafix Group 0+ Car Seat,Stone
732163,KDY41931EL024,Car Seats,,Kiddy,Evo-Lunafix Group 0+ Car Seat,Hawaii
732169,KDY41931EL052,Car Seats,,Kiddy,Evo-Lunafix Group 0+ Car Seat,Pink
732170,KDY41931EL063,Car Seats,,Kiddy,Evo-Lunafix Group 0+ Car Seat,Heaven
732176,KDY41931EL077,Car Seats,,Kiddy,Evo-Lunafix Group 0+ Car Seat,Racing Black
732181,KDY41931EL088,Car Seats,,Kiddy,Evo-Lunafix Group 0+ Car Seat,Walnut
732182,KDY41931EL092,Car Seats,,Kiddy,Evo-Lunafix Group 0+ Car Seat,Apple
732183,KDY41931EL600,Car Seats,,Kiddy,Evo-Lunafix Group 0+ Car Seat,Zebra
1006674,KDY41941EL-GROUP,Car Seats,,Kiddy,Evo-Luna i-Size Car Seat and ISOFIX Base,
1006689,KDY41941EL008,Car Seats,,Kiddy,Evo-Luna i-Size Car Seat and ISOFIX Base,Stone
1006726,KDY41941EL024,Car Seats,,Kiddy,Evo-Luna i-Size Car Seat and ISOFIX Base,Hawaii
1006719,KDY41941EL052,Car Seats,,Kiddy,Evo-Luna i-Size Car Seat and ISOFIX Base,Pink
1006727,KDY41941EL063,Car Seats,,Kiddy,Evo-Luna i-Size Car Seat and ISOFIX Base,Heaven
1006720,KDY41941EL077,Car Seats,,Kiddy,Evo-Luna i-Size Car Seat and ISOFIX Base,Racing Black
1006729,KDY41941EL088,Car Seats,,Kiddy,Evo-Luna i-Size Car Seat and ISOFIX Base,Walnut
1006724,KDY41941EL092,Car Seats,,Kiddy,Evo-Luna i-Size Car Seat and ISOFIX Base,Apple
1006730,KDY41941EL600,Car Seats,,Kiddy,Evo-Luna i-Size Car Seat and ISOFIX Base,Zebra
729898,KOOCT2993,Car Seats,,Koochi,Upstart Car Seat Group 0+,Brooklyn AM
905221,KOOCT3101,Car Seats,,Koochi,Kickstart 2 Group 1 Car Seat,Green Hyperwave
905230,KOOCT3103,Car Seats,,Koochi,Motohero Group 1/2/3 Car Seat,Green Hyperwave
720667,MCY6415-GROUP,Car Seats,,Maxi-Cosi,Priori XP Group 1 Child Car Seat,
720669,MCY6440-GROUP,Car Seats,,Maxi-Cosi,Rodi SPS+ Group 2/3 Child Car Seat,
737150,MCY8608-GROUP,Car Seats,,Maxi-Cosi,Axiss Group 1 Child Car Seat,
1035657,MCY61008-GROUP,Car Seats,,Maxi-Cosi,CabrioFix Footmuff,
711933,MCY61758-GROUP,Car Seats,,Maxi-Cosi,Cabriofix Group 0+ Child Car Seat,
712676,MCY63058-GROUP,Car Seats,,Maxi-Cosi,Pebble Group 0+ Child Car Seat,
705667,MCY60158731,Car Seats,,Maxi-Cosi,Tobi Group 1 Child Car Seat,Origami Black
705665,MCY60158951,Car Seats,,Maxi-Cosi,Tobi Group 1 Child Car Seat,Black Raven
705148,MCY61758721,Car Seats,,Maxi-Cosi,Cabriofix Group 0+ Child Car Seat,Digital Black
699243,MCY61758731,Car Seats,,Maxi-Cosi,Cabriofix Group 0+ Child Car Seat,Origami Black
705322,MCY63058321,Car Seats,,Maxi-Cosi,Pebble Group 0+ Child Car Seat,Red Rumour
705321,MCY63058731,Car Seats,,Maxi-Cosi,Pebble Group 0+ Child Car Seat,Origami Black
706374,MCY63458951,Car Seats,,Maxi-Cosi,Pearl Group 1 Child Car Seat,Black Raven
706641,MCY63458961,Car Seats,,Maxi-Cosi,Pearl Group 1 Child Car Seat,Concrete Grey
984319,MCY73508730,Car Seats,,Maxi-Cosi,Footmuff for Pebble and Pebble Plus,Origami Black
984320,MCY73508950,Car Seats,,Maxi-Cosi,Footmuff for Pebble and Pebble Plus,Black Raven
1036661,MCY79058731-CALL,Car Seats,,Maxi-Cosi,2way Pearl i-Size Group 1 Car Seat,Origami Black
698192,MCY79058951-CALL,Car Seats,,Maxi-Cosi,2way Pearl i-Size Group 1 Car Seat,Black Raven
781013,MCY79858941-CALL,Car Seats,,Maxi-Cosi,Pebble Plus i-Size Child Car Seat,Berry Pink
705329,MCY79858951-CALL,Car Seats,,Maxi-Cosi,Pebble Plus i-Size Child Car Seat,Black Raven
1036710,MCY80208737,Car Seats,,Maxi-Cosi,AxissFix i-Size Child Car Seat,Origami Black
908585,MCY80208957,Car Seats,,Maxi-Cosi,AxissFix i-Size Child Car Seat,Black Raven
706643,MCY85258957,Car Seats,,Maxi-Cosi,Opal Group 0+/1 Child Car Seat,Black Raven
802476,MCY85258967,Car Seats,,Maxi-Cosi,Opal Group 0+/1 Child Car Seat,Concrete Grey
699334,MCY85368957,Car Seats,,Maxi-Cosi,Milofix Group 0+/1 Isofix Child Car Seat,Black Raven
1036597,MCY85368967,Car Seats,,Maxi-Cosi,Milofix Group 0+/1 Isofix Child Car Seat,Concrete Grey
698291,MCY86088737,Car Seats,,Maxi-Cosi,Axiss Group 1 Child Car Seat,Origami Black
698257,MCY86088957,Car Seats,,Maxi-Cosi,Axiss Group 1 Child Car Seat,Black Raven
1036927,MCY88248731,Car Seats,,Maxi-Cosi,RodiFix AirProtect Group 2/3 Child Car Seat,Origami Black
1036874,MCY88248951,Car Seats,,Maxi-Cosi,RodiFix AirProtect Group 2/3 Child Car Seat,Black Raven
766966,MYC14-01-009,Car Seats,,MyChild,Button Booster Seat,Red
773582,NNA085604,Car Seats,,Nania,Cosmo SP Group 0+/1 Car Seat,Minnie
773574,NNA086829,Car Seats,,Nania,Cosmo SP Group 0+/1 Car Seat,Agora Carmin
773575,NNA086924,Car Seats,,Nania,Cosmo SP Group 0+/1 Car Seat,Agora Framboise
773787,NNA251259,Car Seats,,Nania,Dream Group 2/3 Booster Seat,Disney Princess
773784,NNA251276,Car Seats,,Nania,Dream Group 2/3 Booster Seat,Frozen
775767,NNA544255,Car Seats,,Nania,Topo Comfort Group 2/3 Booster Seat,Spiderman
773426,NNA589276,Car Seats,,Nania,Beline SP LX Group 1/2/3 Car Seat,Frozen
773267,NNA745078,Car Seats,,Nania,Befix SP Group 2/3 Car Seat,Graphic Red
775760,NNA789255,Car Seats,,Nania,Starter SP Group 2/3 Car Seat,Spiderman
773269,NNA799276,Car Seats,,Nania,Befix SP LX Group 2/3 Booster Seat,Frozen
774013,NNA922604,Car Seats,,Nania,I-Max SP LX Group 1/2/3 Car Seat,Minnie
774005,NNA926006,Car Seats,,Nania,I-Max SP LX Group 1/2/3 Car Seat,Agora Storm
774011,NNA927347,Car Seats,,Nania,I-Max SP LX Group 1/2/3 Car Seat,Mickey
819827,NUNCS-30-001GL,Car Seats,,Nuna,REBL i-Size Car Seat,Caviar
819829,NUNCS-30-002GL,Car Seats,,Nuna,REBL i-Size Car Seat,Slate
819828,NUNCS-30-003GL,Car Seats,,Nuna,REBL i-Size Car Seat,Coffee
819822,NUNCS-30-004GL,Car Seats,,Nuna,REBL i-Size Car Seat,Berry
819815,NUNCS-30-GROUP,Car Seats,,Nuna,REBL i-Size Car Seat,
1045108,OBY70DB0701,Car Seats,,Obaby,Disney Circles Group 0+ Infant Carrier,Mickey Without Adaptors
990992,OBY70OB0808,Car Seats,,Obaby,Group 0+ Infant Carrier,Little Sailor
1045229,OBY70OB0808ADS,Car Seats,,Obaby,Zeal Group 0+ Infant Carrier,Little Sailor
991004,OBY70OB1008,Car Seats,,Obaby,Group 1/2/3 Highback Booster With Harness,Little Sailor
990995,OBY70OB1115,Car Seats,,Obaby,Group 0+ Infant Carrier,Zigzag Orange
1045433,OBY70OB1115ADC,Car Seats,,Obaby,Chase Group 0+ Infant Carrier,ZigZag Orange
991000,OBY70OB1208,Car Seats,,Obaby,Group 0+/1 Car Seat,Zigzag Navy
991006,OBY70OB1308,Car Seats,,Obaby,Group 1/2/3 Highback Booster With Harness,Zigzag Navy
991007,OBY70OB1315,Car Seats,,Obaby,Group 1/2/3 Highback Booster With Harness,Zigzag Orange
1045145,OBY70OB1403,Car Seats,,Obaby,Group 0+ Infant Carrier,B Is For Bear Red
1045158,OBY70OB1513,Car Seats,,Obaby,Group 0+/1 Car Seat,B Is For Bear Pink
1045451,OBY70OB1613,Car Seats,,Obaby,Group 1/2/3 Highback Booster With Harness,B Is For Bear Pink
944570,ONAPTCSBISO,Car Seats,,Phil & Teds,Alpha ISOFIX Car Seat Base,
944572,ONAPTCSCOVERS,Car Seats,,Phil & Teds,Alpha Car Seat Cover Set,
395273,REC5514.21207.09,Car Seats,,Recaro,Young Profi Plus Group 0+ Infant Carrier Baby Car Seat,Black
399452,REC5514.21208.09,Car Seats,,Recaro,Young Profi Plus Group 0+ Infant Carrier Baby Car Seat,Graphite
536734,REC5516.21207.09,Car Seats,,Recaro,Privia Group 0+ Infant Carrier Baby Car Seat,Black
536741,REC5516.21211.09,Car Seats,,Recaro,Privia Group 0+ Infant Carrier Baby Car Seat,Pink
803155,REC5516.21310.09,Car Seats,,Recaro,Privia Group 0+ Infant Carrier Baby Car Seat,Ruby
1025269,REC6136.21207.66,Car Seats,,Recaro,Optia Group 1 Car Seat,Black
1025270,REC6136.21208.66,Car Seats,,Recaro,Optia Group 1 Car Seat,Graphite
1025311,REC6137.21211.66,Car Seats,,Recaro,Optiafix Group 1 Car Seat,Pink
1025312,REC6137.21212.66,Car Seats,,Recaro,Optiafix Group 1 Car Seat,Saphir
399186,REC6148.21207.66,Car Seats,,Recaro,Monza Nova IS Seatfix ISOFIX Group 1/2/3 Child Car Seat,Black
399187,REC6148.21208.66,Car Seats,,Recaro,Monza Nova IS Seatfix ISOFIX Group 1/2/3 Child Car Seat,Graphite
508769,REC6150.21208.66,Car Seats,,Recaro,Monza Nova 2 Child Car Seat,Colour Graphite
508774,REC6150.21209.66,Car Seats,,Recaro,Monza Nova 2 Child Car Seat,Colour Shadow
508842,REC6150.21211.66,Car Seats,,Recaro,Monza Nova 2 Child Car Seat,Colour Pink
513149,REC6151.21208.66,Car Seats,,Recaro,Monza Nova 2 Seatfix,Colour Graphite
513150,REC6151.21209.66,Car Seats,,Recaro,Monza Nova 2 Seatfix,Colour Shadow
513152,REC6151.21211.66,Car Seats,,Recaro,Monza Nova 2 Seatfix,Colour Pink
775887,REC6203.21214.66,Car Seats,,Recaro,Young Sport Hero Group 1/2/3 Car Seat,Violet
775884,REC6203.21310.66,Car Seats,,Recaro,Young Sport Hero Group 1/2/3 Car Seat,Ruby
399206,REC6207.21207.66,Car Seats,,Recaro,Milano Child Car Seat,Colour Black
399211,REC6207.21212.66,Car Seats,,Recaro,Milano Child Car Seat,Colour Saphire
384940,REC96148B21207,Car Seats,,Recaro,Monza Nova IS Car Seat Replacement Seat Cover,Black
395322,S/S00920AZ,Car Seats,,Sparco,F700K Group 1/2/3 Child Car Seat,Black / Blue
736912,S/S00923IGR,Car Seats,,Sparco,F500i Group 1 Car Seat,Grey
736923,S/S00924IGR,Car Seats,,Sparco,F700i Group 2/3 Car Seat,Grey / Black
736929,S/S00926AZ,Car Seats,,Sparco,F1000K Group 1/2/3 Car Seat,Blue / Black
802708,SAF33110044,Car Seats,,Safety 1st,Travel Safety Kit,
802789,SAF33110128,Car Seats,,Safety 1st,Back Car Seat Mirror,
802807,SAF33110276,Car Seats,,Safety 1st,Back Seat Organiser,
802830,SAF38005760,Car Seats,,Safety 1st,Child View Car Mirror,
803043,SAF38008720,Car Seats,,Safety 1st,Deluxe Roller Shades,
801987,SAF77707640,Car Seats,,Safety 1st,Travel Safe Group 2/3 Car Seat,
779855,BSLIMPCSADLB,Car Seats,,BabyStyle,Car Seat Adaptors,Imp LB321
779856,BSLIMPCSADMU,Car Seats,,BabyStyle,Car Seat Adaptors,Imp Multi
813203,ONAMB1-CLIP28,Car Seats,,Mountain Buggy,Single Maxi-Cosi Car Seat Adaptors,for Duet
813206,ONAMB1-CLIP31,Car Seats,,Mountain Buggy,Double Maxi-Cosi Car Seat Adaptors,for Duet
910611,REC5604.010.00,Car Seats,,Recaro,Easylife Privia Car Seat Adaptors,
375464,BAB81060,Feeding,Bottle Feeding,Summer Infant,Teats - Twin Pack - Slow Flow Level 1,
836189,BBIBB40-001,Feeding,Bottle Feeding,BabaBing!,HotPoc Bottle Warmer,
650354,BPR22049,Feeding,Weaning,Doidy Cup,Training Sippy Drinking Cup,Yellow
650347,BPR22050,Feeding,Weaning,Doidy Cup,Training Sippy Drinking Cup,Pink
650748,BPR24889,Feeding,Bottle Feeding,Mimijumi,Very Hungry Bottle,8oz
650747,BPR24890,Feeding,Bottle Feeding,Mimijumi,Not So Hungry Bottle,4oz
650861,BPR24985,Feeding,Weaning,Polar Gear,Lunch Pod 500mls,Turquiose
661830,BPR25194,Feeding,Weaning,Wow Gear,No Spill Toddler Drinking Sippy Cup,Purple
661831,BPR25195,Feeding,Weaning,Wow Gear,No Spill Toddler Drinking Sippy Cup,Blue
851433,BPR25537,Feeding,Weaning,Polar Gear,Peppa Pig Microwave Bowl,
891364,DIO40190,Feeding,Bottle Feeding,Diono,Warm 'n Go,
945326,TTP422560,Feeding,Bottle Feeding,Tommee Tippee,Closer to Nature Easi-Vent Feeding Bottle,Six Pack
945506,TTP423557,Feeding,Bottle Feeding,Tommee Tippee,Closer to Nature Essentials Kit,
945573,TTP423558,Feeding,Bottle Feeding,Tommee Tippee,Closer to Nature Complete Starter Set,
945193,TTP423708,Feeding,Bottle Feeding,Tommee Tippee,Closer to Nature Perfect Prep Machine,White
945320,TTP42214420,Feeding,Bottle Feeding,Tommee Tippee,Closer to Nature Bottle and Food Warmer,
945339,TTP42300071,Feeding,Bottle Feeding,Tommee Tippee,Closer to Nature Travel Bottle and Food Warmer,
946903,TTP42301071,Feeding,Bottle Feeding,Tommee Tippee,Closer to Nature Breast Milk Storage Pots,
945407,TTP42341420,Feeding,Bottle Feeding,Tommee Tippee,Closer to Nature Manual Breast Pump,
945594,TTP42360010,Feeding,Bottle Feeding,Tommee Tippee,Closer to Nature Microwave Steriliser,
945195,TTP42371640,Feeding,Bottle Feeding,Tommee Tippee,Closer to Nature Perfect Prep Machine,Black
784079,YOOY1W,Feeding,Bottle Feeding,Yoomi,Warmer Unit,
784100,YOOY2FFT,Feeding,Bottle Feeding,Yoomi,Teats Twin Pack,Fast Flow
783910,YOOY18B,Feeding,Bottle Feeding,Yoomi,240ml (8oz) Self Warming Bottle,Single
650818,BPR24095,Feeding,High Chairs,Pipsy Koala,On the Go Booster Seat,
650904,BPR24870,Feeding,High Chairs,Prince Lionheart,Soft Booster Seat,Gumball Green
650877,BPR24994,Feeding,High Chairs,Prince Lionheart,Soft Booster Seat,Berry Blue
650879,BPR25057,Feeding,High Chairs,Prince Lionheart,Booster Pod,Berry Blue
650901,BPR25058,Feeding,High Chairs,Prince Lionheart,Booster Pod,Flashbulb Fuschia
1040019,CCDLI0964BS,Feeding,High Chairs,Concord,Lima Travel High Chair,Almond Beige
1040063,CCDLI0971BS,Feeding,High Chairs,Concord,Lima Travel High Chair,Midnight Black
1040170,CCDSP0966BS,Feeding,High Chairs,Concord,Spin Highchair,Chocolate Brown
1040124,CCDSP0967BS,Feeding,High Chairs,Concord,Spin Highchair,Raspberry Pink
1022318,CCO05079065090930,Feeding,High Chairs,Chicco,Polly 2 in 1 High Chair,Denim
722230,CCO05079065780930,Feeding,High Chairs,Chicco,Polly 2 in 1 High Chair,Sunny
724025,CCO05079340760000,Feeding,High Chairs,Chicco,Pocket Snack Booster Seat,Mandarino
1022338,CCO05079341850930,Feeding,High Chairs,Chicco,Pocket Lunch High Chair,Moonlight
441668,CSTCT2827,Feeding,High Chairs,Cosatto,Noodle Supa High Chair,Dilly Dolly
441681,CSTCT2828,Feeding,High Chairs,Cosatto,Noodle Supa High Chair,Henhouse
521482,CSTCT2885,Feeding,High Chairs,Cosatto,3 Sixti High Chair,Pixelate
729224,CSTCT3018,Feeding,High Chairs,Cosatto,Waffle Highchair,Pitter Patter
729230,CSTCT3019,Feeding,High Chairs,Cosatto,Waffle Highchair,Strudel
944338,CSTCT3040,Feeding,High Chairs,Cosatto,Noodle Supa High Chair,Monster Mash 2
1003399,CSTCT3147,Feeding,High Chairs,Cosatto,Waffle Highchair,Pippy
1003382,CSTCT3149,Feeding,High Chairs,Cosatto,3 Sixti High Chair,Hapi Apples 2
1003383,CSTCT3150,Feeding,High Chairs,Cosatto,3 Sixti High Chair,Milkshake
1003384,CSTCT3151,Feeding,High Chairs,Cosatto,3 Sixti High Chair,Chopsticks
609750,HAUH-66507,Feeding,High Chairs,Hauck,Sit N Relax High Chair,Fruits
351867,HAUH-66510,Feeding,High Chairs,Hauck,Sit N Relax High Chair,Zoo
704858,ICKORBBLUEBLACK,Feeding,High Chairs,Ickle Bubba,Orb High Chair,Blue/Black
704855,ICKORBBLUEWHITE,Feeding,High Chairs,Ickle Bubba,Orb High Chair,Blue/White
704845,ICKORBGREENBLACK,Feeding,High Chairs,Ickle Bubba,Orb High Chair,Green/Black
704843,ICKORBGREENWHITE,Feeding,High Chairs,Ickle Bubba,Orb High Chair,Green/White
1045252,JOIH1013CAKBG000,Feeding,High Chairs,Joie,Mimzy LX Highchair,Khloe & Bert
770788,JOIH1124AANND220,Feeding,High Chairs,Joie,Mimzy 360 High Chair,New Ned
770856,JOIH1127AAPKL000,Feeding,High Chairs,Joie,Mimzy Snacker High Chair,Parklife
381162,ONAMB2POD02,Feeding,High Chairs,Mountain Buggy,Pod Clip on Table Seat,Black
381172,ONAMB2POD21,Feeding,High Chairs,Mountain Buggy,Pod Clip on Table Seat,Flint
381603,ONAPTLBV155,Feeding,High Chairs,Phil & Teds,Lobster Table Fixed High Chair,Black
381602,ONAPTLBV1511,Feeding,High Chairs,Phil & Teds,Lobster Table Fixed High Chair,Red
500598,ONAPTPOPPYV11,Feeding,High Chairs,Phil & Teds,Poppy High Chair,Cranberry
500599,ONAPTPOPPYV18,Feeding,High Chairs,Phil & Teds,Poppy High Chair,Lime
381857,ONAPTWWV17,Feeding,High Chairs,Phil & Teds,Wriggle Wrapper,Charcoal
381856,ONAPTWWV111,Feeding,High Chairs,Phil & Teds,Wriggle Wrapper,Red
374912,BAB150018,Health & Safety,Home Safety,Clippasafe,Drawer & Cupboard Child Safety Locks,(6 Pack)
374907,BAB150207,Health & Safety,Home Safety,Clippasafe,Blind Child Safety Drawcord Shortener,(2 pcs)
374991,BAB150442,Health & Safety,Home Safety,Clippasafe,1 Pack Self Adhesive General Purpose Child Safety Locks (2 Per Pack),
374807,BAB150785,Health & Safety,Home Safety,BabyDan,Tv Strap (Carded),
374973,BAB150807,Health & Safety,Home Safety,Clippasafe,Pressure Fit Gate - Wood & Metal 72-80cm,
374793,BAB150834,Health & Safety,Home Safety,BabyDan,Furniture Strap,(2 pcs)
374809,BAB150843,Health & Safety,Home Safety,BabyDan,Window Lock,
806443,BAB150936,Health & Safety,Home Safety,BabyDan,Extend-A-Guard Extension Kit for Guard Me,24cm
784529,BAB150962,Health & Safety,Home Safety,Clippasafe,TV Strap,
650972,BPR20262,Health & Safety,Home Safety,Safety 1st,Socket Covers,Pack of 6
650923,BPR20358,Health & Safety,Home Safety,Prince Lionheart,Cooker Guard,
650238,BPR24808,Health & Safety,Home Safety,Beautiful Beginnings,Fridge & Freezer Locks,2 Pack
374857,BAB160518,Feeding,High Chairs,Bumbo,Baby Seat Tray,
956101,ECN7839,Nursery & Bedtime,Nursery Furniture,East Coast Nursery,Toulouse Dresser,
956113,ECN7840,Nursery & Bedtime,Nursery Furniture,East Coast Nursery,Toulouse Wardrobe,
1011087,ECN7843,Nursery & Bedtime,Nursery Furniture,East Coast Nursery,Devon Dresser,
1011098,ECNDEVON-2,Nursery & Bedtime,Room Sets,East Coast Nursery,Devon 2 Piece Room Set,
1011109,ECNDEVON-3,Nursery & Bedtime,Room Sets,East Coast Nursery,Devon 3 Piece Room Set,
1011151,ECNMONACO-2,Nursery & Bedtime,Room Sets,East Coast Nursery,Monaco 2 Piece Room Set,
1011154,ECNMONACO-3,Nursery & Bedtime,Room Sets,East Coast Nursery,Monaco 3 Piece Room Set,
1011017,ECNTOULOUSE-2,Nursery & Bedtime,Room Sets,East Coast Nursery,Toulouse 2 Piece Room Set,
956117,ECNTOULOUSE-3,Nursery & Bedtime,Room Sets,East Coast Nursery,Toulouse 3 Piece Room Set,
960340,OBY20OB0601B3,Nursery & Bedtime,Room Sets,Obaby,Lily 3 Piece Room Set,Country Pine
962863,OBY20OB0802D3,Nursery & Bedtime,Room Sets,Obaby,Lincoln Mini 3 Piece Room Set,White
960364,OBY21OB0201B3,Nursery & Bedtime,Room Sets,Obaby,Lisa 3 Piece Room Set,Country Pine
1011697,OBY21OB0301D3,Nursery & Bedtime,Room Sets,Obaby,York 3 Piece Room Set,Country Pine
960332,OBY21OB0905D3,Nursery & Bedtime,Room Sets,Obaby,Lincoln 3 Piece Room Set,Walnut
1038963,OBY26OB03-GROUP,Nursery & Bedtime,Nursery Furniture,Obaby,Lincoln Changing Unit,
761456,OBY27OB0101,Nursery & Bedtime,Nursery Furniture,Obaby,Single Wardrobe,Country Pine
745192,OBY28DB0101,Nursery & Bedtime,Nursery Furniture,Obaby,Winnie The Pooh Double Wardrobe,Country Pine
745194,OBY28DB0103,Nursery & Bedtime,Nursery Furniture,Obaby,Winnie The Pooh Double Wardrobe,White with Pine Trim
1047772,OBY28OB03-GROUP,Nursery & Bedtime,Nursery Furniture,Obaby,Lincoln Sleigh Wardrobe,
1047775,OBY28OB0301,Nursery & Bedtime,Nursery Furniture,Obaby,Lincoln Sleigh Wardrobe,Country Pine
1047777,OBY28OB0302,Nursery & Bedtime,Nursery Furniture,Obaby,Lincoln Sleigh Wardrobe,White
806926,SAPKRS-GROUP,Nursery & Bedtime,Room Sets,Saplings,Kirsty 3 Piece Room Set,
806960,SAPKRSA,Nursery & Bedtime,Room Sets,Saplings,Kirsty 3 Piece Room Set,Antique
1011357,TUT035RS1/71,Nursery & Bedtime,Room Sets,Tutti Bambini,Alexia 2 Piece Room Set,Vanilla
1011366,TUT039RS1/11,Nursery & Bedtime,Room Sets,Tutti Bambini,Lucas 2 Piece Room Set,White
1013185,TUT039RS2-GROUP,Nursery & Bedtime,Nursery Furniture,Tutti Bambini,Lucas 3 Piece Room Set,
1011368,TUT039RS3/11,Nursery & Bedtime,Room Sets,Tutti Bambini,Lucas 5 Piece Room Set,White
1011388,TUT052RS3/10,Nursery & Bedtime,Room Sets,Tutti Bambini,Rimini 6 Piece Room Set,High Gloss White
1011391,TUT061RS2/10,Nursery & Bedtime,Room Sets,Tutti Bambini,Sovereign 3 Piece Room Set,High Gloss White
1011375,TUT070RS1/35,Nursery & Bedtime,Room Sets,Tutti Bambini,Marie 2 Piece Room Set,Old English
1011376,TUT070RS2/35,Nursery & Bedtime,Room Sets,Tutti Bambini,Marie 3 Piece Room Set,Old English
1011374,TUT070RS3/11,Nursery & Bedtime,Room Sets,Tutti Bambini,Marie 7 Piece Room Set,White
1011382,TUT074RS1/35,Nursery & Bedtime,Room Sets,Tutti Bambini,Milan 2 Piece Room Set,Reclaimed Oak
1011383,TUT074RS2/35,Nursery & Bedtime,Room Sets,Tutti Bambini,Milan 3 Piece Room Set,Reclaimed Oak
1011384,TUT074RS3/35,Nursery & Bedtime,Room Sets,Tutti Bambini,Milan 6 Piece Room Set,Reclaimed Oak
1011360,TUT095RS1B/1510,Nursery & Bedtime,Room Sets,Tutti Bambini,Barcelona 2 Piece Room Set,Beech/White
1011361,TUT095RS2B/1510,Nursery & Bedtime,Room Sets,Tutti Bambini,Barcelona 3 Piece Room Set,Beech/White
1011746,TUT095RS3B/1510,Nursery & Bedtime,Room Sets,Tutti Bambini,Barcelona 7 Piece Room Set,Beech/White
1011424,TUT211339/11,Nursery & Bedtime,Nursery Furniture,Tutti Bambini,Lucas (Katie) Wardrobe,White
1011426,TUT211350/11,Nursery & Bedtime,Nursery Furniture,Tutti Bambini,Marie Wardrobe,White
1011431,TUT211361/10,Nursery & Bedtime,Nursery Furniture,Tutti Bambini,Sovereign Wardrobe,High Gloss White
1012120,TUT211450-GROUP,Nursery & Bedtime,Nursery Furniture,Tutti Bambini,Marie Chest Changer,
1011433,TUT211552/10,Nursery & Bedtime,Nursery Furniture,Tutti Bambini,Rimini Tallboy,High Gloss White
1011434,TUT211561/10,Nursery & Bedtime,Nursery Furniture,Tutti Bambini,Sovereign Tallboy,High Gloss White
1011452,TUT211652/10,Nursery & Bedtime,Nursery Furniture,Tutti Bambini,Rimini Cot Top Changer,High Gloss White
500112,BAB160526,Prams & Pushchairs,Pushchair Accessories,Clippasafe,Daysack Back Pack With Reins,Penguin
832039,BBIBB25-001,Prams & Pushchairs,Pushchair Accessories,BabaBing!,DayTripper Paternity Satchel,Black
832006,BBIBB31-001,Prams & Pushchairs,Pushchair Accessories,BabaBing!,DayTripper Lite Satchel,Midnight Blue
760637,BJR14-26-022,Prams & Pushchairs,Pushchair Accessories,Baby Jogger,Footmuff,Multi - Black
760638,BJR14-26-023,Prams & Pushchairs,Pushchair Accessories,Baby Jogger,Footmuff,Multi - Crimson
650450,BPR24402,Prams & Pushchairs,Pushchair Accessories,Goldbug,Harness Buddy,Dinosaur
781350,BSLMAX2CHBLACCBLACK/KIT,Prams & Pushchairs,Pushchairs,BabyStyle,Oyster Max with Carrycot and Colour Packs,Black Chassis in Black
784927,BSLO2CHBLA,Prams & Pushchairs,Pushchairs,BabyStyle,Oyster 2 Chassis,Black
1060385,BSLO2CHZI,Prams & Pushchairs,Pushchairs,BabyStyle,Oyster 2 Special Edition,City Grey
796200,BSLOPARSMBL,Prams & Pushchairs,Pushchair Accessories,BabyStyle,Oyster Parasol,
796204,BSLORIDEON,Prams & Pushchairs,Pushchair Accessories,BabyStyle,Oyster Ride On Board,
784402,BSLOSLJAZ,Prams & Pushchairs,Pushchair Accessories,BabyStyle,Oyster Colour Pop Seat Liner,Jazz
1039911,BSLOSWBLAC,Prams & Pushchairs,Pushchairs,BabyStyle,Oyster Switch Stroller,Black
1039030,BSLOSWGRAP,Prams & Pushchairs,Pushchairs,BabyStyle,Oyster Switch Stroller,Grape
1039897,BSLOSWSLAT,Prams & Pushchairs,Pushchairs,BabyStyle,Oyster Switch Stroller,Slate Grey
586040,BTX2000011759,Prams & Pushchairs,Pushchairs,Britax,B-Agile 4 Pushchair,Blue Sky
586039,BTX2000011760,Prams & Pushchairs,Pushchairs,Britax,B-Agile 4 Pushchair,Chili Pepper
1086820,BZN07722BBZ09,Prams & Pushchairs,Pushchair Accessories,Babyzen,Footmuff,Blue
1086822,BZN07722BBZ10,Prams & Pushchairs,Pushchair Accessories,Babyzen,Footmuff,Pink
1086826,BZN07722BBZ12,Prams & Pushchairs,Pushchair Accessories,Babyzen,Footmuff,Red
1080114,BZNUK10105-01,Prams & Pushchairs,Pushchair Accessories,Babyzen,YOYO+ 0 Months+ Newborn Pack,Blue
1080120,BZNUK10105-02,Prams & Pushchairs,Pushchair Accessories,Babyzen,YOYO+ 0 Months+ Newborn Pack,Pink
1080513,BZNYOYO0BBLK/KIT,Prams & Pushchairs,Pushchairs,Babyzen,YOYO+ Newborn Pushchair Black Frame,Black
1080505,BZNYOYO0BBLUE/KIT,Prams & Pushchairs,Pushchairs,Babyzen,YOYO+ Newborn Pushchair Black Frame,Blue
1080562,BZNYOYO0WBLK/KIT,Prams & Pushchairs,Pushchairs,Babyzen,YOYO+ Newborn Pushchair White Frame,Black
1080339,BZNYOYO6BBLK/KIT,Prams & Pushchairs,Pushchairs,Babyzen,YOYO+ 6 Months+ Pushchair Black Frame,Black
1080279,BZNYOYO6BBLUE/KIT,Prams & Pushchairs,Pushchairs,Babyzen,YOYO+ 6 Months+ Pushchair Black Frame,Blue
1080346,BZNYOYO6WGREY/KIT,Prams & Pushchairs,Pushchairs,Babyzen,YOYO+ 6 Months+ Pushchair White Frame,Grey
1080349,BZNYOYO6WPINK/KIT,Prams & Pushchairs,Pushchairs,Babyzen,YOYO+ 6 Months+ Pushchair White Frame,Pink
1040188,CCDWD0961BS,Prams & Pushchairs,Pushchairs,Concord,Wanderer Buggy,Raven Black
1040381,CCDWD0962BS,Prams & Pushchairs,Pushchairs,Concord,Wanderer Buggy,Stone Grey
1021122,CCO06079310040930,Prams & Pushchairs,Strollers,Chicco,Echo Stroller,Ibiza
1021123,CCO06079310240930,Prams & Pushchairs,Strollers,Chicco,Echo Stroller,Sea Green
724051,CCO06079311220930,Prams & Pushchairs,"Twin, Double & Triple",Chicco,Echo Twin Stroller,Coal
697291,CCO06079316950930,Prams & Pushchairs,Strollers,Chicco,Multiway Evo Stroller,Black
724313,CCO07060888350930,Prams & Pushchairs,Strollers,Chicco,Liteway Top Stroller,Purple
724315,CCO07060888500930,Prams & Pushchairs,Strollers,Chicco,Liteway Top Stroller,Ombra
724006,CCOECHOSTROLLER-GROUP,Prams & Pushchairs,Strollers,Chicco,Echo Stroller,
1003358,CSTCT2680,Prams & Pushchairs,"Twin, Double & Triple",Cosatto,Shuffle Tandem Pushchair,All Star
629497,CSTCT2925,Prams & Pushchairs,Strollers,Cosatto,Yo! Special Edition Stroller,Mollie Millie
729210,CSTCT2970,Prams & Pushchairs,Strollers,Cosatto,Supa Pushchair - Free Raincover,Flamingo Fling
727411,CSTCT2971,Prams & Pushchairs,3 Wheelers,Cosatto,Giggle 2 Travel System,Flamingo Fling
783829,CSTCT2971/CSTCT2972KIT,Prams & Pushchairs,Travel Systems,Cosatto,3 in 1 Giggle 2 Travel System Package,Flamingo Fling
727380,CSTCT3020,Prams & Pushchairs,3 Wheelers,Cosatto,Giggle 2 Travel System,Firebird
904931,CSTCT3118,Prams & Pushchairs,"Twin, Double & Triple",Cosatto,To & Fro Duo Twin Pushchair,Pitter Patter
1003371,CSTCT3140,Prams & Pushchairs,"Twin, Double & Triple",Cosatto,Shuffle Tandem Pushchair,Pixelate
1003262,CSTCT3176,Prams & Pushchairs,Strollers,Cosatto,Supa Pushchair - Free Raincover,Hustle Bustle
1003259,CSTCT3177,Prams & Pushchairs,Strollers,Cosatto,Supa Pushchair - Free Raincover,Kokeshi Smile
1003600,CSTCT3201,Prams & Pushchairs,Pushchairs,Cosatto,Yo 2 Stroller,Golightly 2
1003605,CSTCT3202,Prams & Pushchairs,Pushchairs,Cosatto,Yo 2 Stroller,Go Brightly
1003467,CSTCT3209,Prams & Pushchairs,Pushchairs,Cosatto,Fly Travel System,Fox Tale
744284,CSTCTOOBACHARLESTON/KIT,Prams & Pushchairs,Travel Systems,Cosatto,Ooba 3 in 1 Pushchair Travel System and Car Seat,Charleston
589578,CYB511411002,Prams & Pushchairs,Pushchair Accessories,Cybex,Cup Holder,
891357,DIO40175,Prams & Pushchairs,Pushchair Accessories,Diono,Sure Steps,
891422,DIO40311,Prams & Pushchairs,Pushchair Accessories,Diono,Heatblock Sun & Insect Net,
891430,DIO40320,Prams & Pushchairs,Pushchair Accessories,Diono,Change 'n Go,
891431,DIO40321,Prams & Pushchairs,Pushchair Accessories,Diono,Travel Changer,
891484,DIO40331,Prams & Pushchairs,Pushchair Accessories,Diono,Travel Bag,
891507,DIO40340,Prams & Pushchairs,Pushchair Accessories,Diono,Buggy Bag,
891517,DIO40395,Prams & Pushchairs,Pushchair Accessories,Diono,Buggy Buddy,
892212,DIO60351,Prams & Pushchairs,Pushchair Accessories,Diono,Stroller Cup Holder,
892215,DIO60355,Prams & Pushchairs,Pushchair Accessories,Diono,My Handle,
923345,GRA1818676,Prams & Pushchairs,Strollers,Graco,Evo Stroller,Pit Stop
923391,GRA1914033,Prams & Pushchairs,"Twin, Double & Triple",Graco,Ready 2 Grow Tandem Stroller,
315976,HAU132562,Prams & Pushchairs,Pushchairs,Hauck,Roma Lightweight Pushchair,Caviar/Berry
609729,HAU132579,Prams & Pushchairs,Pushchairs,Hauck,Roma Lightweight Pushchair,Rainbow/Petrol
315899,HAUH-35901,Prams & Pushchairs,Pushchairs,Hauck,Spirit Buggy,Caviar/Silver
315879,HAUH-35902,Prams & Pushchairs,Pushchairs,Hauck,Spirit Buggy,Caviar/Berry
1024588,ICKSTOMPV3-BLACK,Prams & Pushchairs,Travel Systems,Ickle Bubba,Stomp V3 All in One Travel System,Black/Silver
1024611,ICKSTOMPV3-BLACK-ISO,Prams & Pushchairs,Travel Systems,Ickle Bubba,Stomp V3 All in One Travel System with Isofix Base,Black/Silver
770989,JOIS0942EABLU220,Prams & Pushchairs,Pushchairs,Joie,Mirus Scenic Stroller,Bluebell
770996,JOIS0942EAFUA220,Prams & Pushchairs,Pushchairs,Joie,Mirus Scenic Stroller,Fuschia
771592,JOIS1036AHMNB220,Prams & Pushchairs,Pushchairs,Joie,Nitro Stroller,Midnight Blue
771601,JOIS1036BDCRB000,Prams & Pushchairs,Pushchairs,Joie,Nitro LX Stroller,Caribbean
1040505,JOIS1102FACIT000,Prams & Pushchairs,Pushchairs,Joie,Brisk Stroller,Citron
1040519,JOIS1102FATTB000,Prams & Pushchairs,Pushchairs,Joie,Brisk Stroller,Two Tone Black
1040531,JOIS1112DHAPL000,Prams & Pushchairs,3 Wheelers,Joie,Litetrax 3 Stroller,Apple
1040535,JOIS1112ZHECL000,Prams & Pushchairs,Pushchairs,Joie,Litetrax 4 Stroller,Eclipse
729301,KOOCT2992,Prams & Pushchairs,Strollers,Koochi,Litestar Stroller,Brooklyn AM
699325,MCY7250-GROUP,Prams & Pushchairs,Pushchair Accessories,Maxi-Cosi,Parasol,
1034194,MCY12248952,Prams & Pushchairs,Pushchairs,Maxi-Cosi,Stella Pushchair,Black Raven
1034197,MCY12248962,Prams & Pushchairs,Pushchairs,Maxi-Cosi,Stella Pushchair,Concrete Grey
819167,MCY13888957,Prams & Pushchairs,Pushchairs,Maxi-Cosi,Loola 3 Pushchair,Black Raven
819169,MCY13888967,Prams & Pushchairs,Pushchairs,Maxi-Cosi,Loola 3 Pushchair,Concrete Grey
990155,MLNAM1Y031922,Prams & Pushchairs,Pushchair Accessories,Maclaren,Universal Liner,Paris City Map
990156,MLNAM1Y031932,Prams & Pushchairs,Pushchair Accessories,Maclaren,Universal Liner,New York City Map
990171,MLNASE02022,Prams & Pushchairs,Pushchair Accessories,Maclaren,Universal Footmuff,Charcoal
990172,MLNASE02032,Prams & Pushchairs,Pushchair Accessories,Maclaren,Universal Footmuff,Black
990177,MLNASE19022,Prams & Pushchairs,Pushchair Accessories,Maclaren,Mark II Seat Liner,Spicy Orange
990178,MLNASE19032,Prams & Pushchairs,Pushchair Accessories,Maclaren,Mark II Seat Liner,Carmine Rose
990209,MLNWM1Y010152,Prams & Pushchairs,Strollers,Maclaren,Volo Stroller,Silver/Highland Green
990210,MLNWM1Y010192,Prams & Pushchairs,Strollers,Maclaren,Volo Stroller,Silver/Black
990211,MLNWM1Y010202,Prams & Pushchairs,Strollers,Maclaren,Volo Stroller,Silver/Marmalade
990212,MLNWM1Y010282,Prams & Pushchairs,Strollers,Maclaren,Volo Stroller,Silver/Plum
990213,MLNWM1Y030021,Prams & Pushchairs,Strollers,Maclaren,Triumph Stroller,Cardinal/Charcoal
990214,MLNWM1Y030031,Prams & Pushchairs,Strollers,Maclaren,Triumph Stroller,Black/Charcoal
990215,MLNWM1Y030051,Prams & Pushchairs,Strollers,Maclaren,Triumph Stroller,Highland Green/Grey Dawn
990216,MLNWM1Y030061,Prams & Pushchairs,Strollers,Maclaren,Triumph Stroller,Plum/Grey Dawn
990217,MLNWM1Y040041,Prams & Pushchairs,Strollers,Maclaren,Quest Stroller,Medieval Blue/Silver
990218,MLNWM1Y040071,Prams & Pushchairs,Strollers,Maclaren,Quest Stroller,Cardinal/Silver
990219,MLNWM1Y040081,Prams & Pushchairs,Strollers,Maclaren,Quest Stroller,Medieval Blue/Jelly Bean Green
990220,MLNWM1Y040091,Prams & Pushchairs,Strollers,Maclaren,Quest Stroller,Black/Silver
990221,MLNWM1Y040111,Prams & Pushchairs,Strollers,Maclaren,Quest Stroller,Charcoal/Primrose
990222,MLNWM1Y040121,Prams & Pushchairs,Strollers,Maclaren,Quest Stroller,Plum/Marmalade
990223,MLNWM1Y040131,Prams & Pushchairs,Strollers,Maclaren,Quest Stroller,Charcoal/Harbour Blue
990224,MLNWM1Y070041,Prams & Pushchairs,Strollers,Maclaren,Techno XT Stroller,Medieval Blue/Silver
990225,MLNWM1Y070071,Prams & Pushchairs,Strollers,Maclaren,Techno XT Stroller,Cardinal/Silver
990226,MLNWM1Y070091,Prams & Pushchairs,Strollers,Maclaren,Techno XT Stroller,Black/Silver
990227,MLNWM1Y070111,Prams & Pushchairs,Strollers,Maclaren,Techno XT Stroller,Charcoal/Primrose
990228,MLNWM1Y070141,Prams & Pushchairs,Strollers,Maclaren,Techno XT Stroller,Charcoal/Marmalade
990229,MLNWM1Y110291,Prams & Pushchairs,Strollers,Maclaren,Globetrotter Stroller,Black/White
990230,MLNWM1Y110311,Prams & Pushchairs,Strollers,Maclaren,Globetrotter Stroller,Cardinal/White
990231,MLNWM1Y110341,Prams & Pushchairs,Strollers,Maclaren,Globetrotter Stroller,Medieval Blue/White
990232,MLNWM1Y120031,Prams & Pushchairs,"Twin, Double & Triple",Maclaren,Twin Triumph Stroller,Black/Charcoal
990233,MLNWM1Y120041,Prams & Pushchairs,"Twin, Double & Triple",Maclaren,Twin Triumph Stroller,Medieval Blue/Silver
990234,MLNWM1Y123311,Prams & Pushchairs,"Twin, Double & Triple",Maclaren,Twin Triumph Stroller,Denim Indigo
990236,MLNWM1Y130011,Prams & Pushchairs,"Twin, Double & Triple",Maclaren,Twin Techno Stroller,Black
990237,MLNWM1Y130451,Prams & Pushchairs,"Twin, Double & Triple",Maclaren,Twin Techno Stroller,Cardinal
990238,MLNWM1Y150091,Prams & Pushchairs,Strollers,Maclaren,Techno XLR Stroller,Black/Silver
990239,MLNWM1Y150151,Prams & Pushchairs,Strollers,Maclaren,Techno XLR Stroller,Silver/Highland Green
990240,MLNWM1Y150161,Prams & Pushchairs,Strollers,Maclaren,Techno XLR Stroller,Dove/Orchid Smoke
990241,MLNWM1Y150171,Prams & Pushchairs,Strollers,Maclaren,Techno XLR Stroller,Plum/Silver
913375,MLNWSE03021,Prams & Pushchairs,Strollers,Maclaren,Triumph Stroller,Medieval Blue/Silver
913376,MLNWSE03031,Prams & Pushchairs,Strollers,Maclaren,Triumph Stroller,Charcoal/Cardinal
944700,MLNWSE07121,Prams & Pushchairs,Strollers,Maclaren,Techno XT Stroller,Charcoal
913389,MLNWSE10022,Prams & Pushchairs,Strollers,Maclaren,Mark II Stroller,Midnight Navy
913390,MLNWSE10042,Prams & Pushchairs,Strollers,Maclaren,Mark II Stroller,Silver
944525,MLNWSE11011,Prams & Pushchairs,Strollers,Maclaren,Globetrotter Stroller,Black
913393,MLNWSE11051,Prams & Pushchairs,Strollers,Maclaren,Globetrotter Stroller,Cardinal/Charcoal
913450,MLNWSE12021,Prams & Pushchairs,"Twin, Double & Triple",Maclaren,Twin Triumph Stroller,Charcoal/Cardinal
913874,MLNWSE15011,Prams & Pushchairs,Strollers,Maclaren,Techno XLR Stroller,Black/Champagne
913877,MLNWSE15021,Prams & Pushchairs,Strollers,Maclaren,Techno XLR Stroller,Charcoal/Cardinal
913378,MLNWSE15051,Prams & Pushchairs,Strollers,Maclaren,Techno XLR Stroller,Medieval Blue/Soft Blue
1025730,MUTACC3IGOFAEARTH,Prams & Pushchairs,Pushchair Accessories,Mutsy,Footmuff Igo FARMER,Earth
1025729,MUTACC3IGOFAMIST,Prams & Pushchairs,Pushchair Accessories,Mutsy,Footmuff Igo FARMER,Mist
1025738,MUTACC3IGOUNDG,Prams & Pushchairs,Pushchair Accessories,Mutsy,Footmuff Igo URBAN NOMAD,Dark Grey
1069614,MUTACC3IGOUNN,Prams & Pushchairs,Pushchair Accessories,Mutsy,Footmuff Igo URBAN NOMAD,Navy
1070162,MUTEVOFABEARTH/KIT,Prams & Pushchairs,Pushchairs,Mutsy,Evo Stroller FARMER,Earth Black Chassis
1070249,MUTEVOFABMIST/KIT,Prams & Pushchairs,Pushchairs,Mutsy,Evo Stroller FARMER,Mist Black Chassis
1070351,MUTEVOINDGBLUE/KIT,Prams & Pushchairs,Pushchairs,Mutsy,Evo Stroller INDUSTRIAL,Blue Dark Grey Chassis
1070356,MUTEVOINDGGREY/KIT,Prams & Pushchairs,Pushchairs,Mutsy,Evo Stroller INDUSTRIAL,Grey Dark Grey Chassis
1070371,MUTEVOINDGINDIGO/KIT,Prams & Pushchairs,Pushchairs,Mutsy,Evo Stroller INDUSTRIAL,Indigo Dark Grey Chassis
1070569,MUTEVOUNSCREAM/KIT,Prams & Pushchairs,Pushchairs,Mutsy,Evo Stroller URBAN NOMAD,Cream Standard Chassis
1070580,MUTEVOUNSDARKGREY/KIT,Prams & Pushchairs,Pushchairs,Mutsy,Evo Stroller URBAN NOMAD,Dark Grey Standard Chassis
1025955,MUTIGOPUBFOG/KIT,Prams & Pushchairs,Pushchairs,Mutsy,Igo Stroller PURE,Fog Black Chassis
1026133,MUTIGOPUBSTORM/KIT,Prams & Pushchairs,Pushchairs,Mutsy,Igo Stroller PURE,Storm Black Chassis
754988,OBY13OB0713,Prams & Pushchairs,"Twin, Double & Triple",Obaby,Apollo Twin Stroller,Pink
1044964,OBY17OB3308,Prams & Pushchairs,Pushchair Accessories,Obaby,Universal Newborn Liner,Navy
1044971,OBY17OB3311,Prams & Pushchairs,Pushchair Accessories,Obaby,Universal Newborn Liner,Grey
537745,ONACC-AD-01,Prams & Pushchairs,Pushchair Accessories,Out N About,Nipper 360 V3/V4 Double Pushchair Carrycot Adaptor x 1,
537747,ONACC-AD-02,Prams & Pushchairs,Pushchair Accessories,Out N About,Nipper 360 V3/V4 Double Pushchair Carrycot Adaptor x 2,
415820,ONAFMV3-CR,Prams & Pushchairs,Pushchair Accessories,Out N About,Nipper V3/V4 Footmuff,Carnival Red
415552,ONAFMV3-GROUP-UBERWEB,Prams & Pushchairs,Pushchair Accessories,Out N About,Nipper V3/V4 Footmuff,
415822,ONAFMV3-LB,Prams & Pushchairs,Pushchair Accessories,Out N About,Nipper V3/V4 Footmuff,Lagoon Blue
631541,ONALN-01MB,Prams & Pushchairs,3 Wheelers,Out N About,Little Nipper Urban Off Road Buggy,Marine Blue
1001806,ONALN-02JB,Prams & Pushchairs,"Twin, Double & Triple",Out N About,Little Nipper Double Buggy,Jet Black
1001804,ONALN-02MB,Prams & Pushchairs,"Twin, Double & Triple",Out N About,Little Nipper Double Buggy,Marine Blue
1001807,ONALN-02PR,Prams & Pushchairs,"Twin, Double & Triple",Out N About,Little Nipper Double Buggy,Poppy Red
381233,ONAMB1RL0220,Prams & Pushchairs,Pushchair Accessories,Mountain Buggy,Reversible Liner,Black / Chilli
381113,ONAMB1S2SC,Prams & Pushchairs,Pushchair Accessories,Mountain Buggy,Duet Stroller Storm Cover,
381137,ONAMB1S2SM,Prams & Pushchairs,Pushchair Accessories,Mountain Buggy,Duet Stroller UV Sun Cover,
381238,ONAMB1SB02,Prams & Pushchairs,Pushchair Accessories,Mountain Buggy,Sleeping Bag,Black
381240,ONAMB1SB20,Prams & Pushchairs,Pushchair Accessories,Mountain Buggy,Sleeping Bag,Chilli
698170,ONAMB2-S2AWHEEL,Prams & Pushchairs,Pushchair Accessories,Mountain Buggy,Duet Aerotech Wheels,
730672,ONAMBDUETV255,Prams & Pushchairs,"Twin, Double & Triple",Mountain Buggy,Duet Double Buggy V2.5,Black
730673,ONAMBDUETV257,Prams & Pushchairs,"Twin, Double & Triple",Mountain Buggy,Duet Double Buggy V2.5,Flint
899072,ONAMBRL-3,Prams & Pushchairs,Pushchair Accessories,Mountain Buggy,Universal Reversible Liner,Marine
899075,ONAMBRL-6,Prams & Pushchairs,Pushchair Accessories,Mountain Buggy,Universal Reversible Liner,Silver
897672,ONAMBSWI-V3-3,Prams & Pushchairs,3 Wheelers,Mountain Buggy,Swift Buggy,Marine
897664,ONAMBSWI-V3-5,Prams & Pushchairs,3 Wheelers,Mountain Buggy,Swift Buggy,Black
994999,ONAMBUJ-V3-3,Prams & Pushchairs,3 Wheelers,Mountain Buggy,Urban Jungle V3 Buggy,Marine
898878,ONAMBUJ-V3-5,Prams & Pushchairs,3 Wheelers,Mountain Buggy,Urban Jungle V3 Buggy,Black
631404,ONANIP-01LBV4,Prams & Pushchairs,3 Wheelers,Out N About,Nipper Single Buggy V4,Lagoon Blue
631409,ONANIP-01RBV4,Prams & Pushchairs,3 Wheelers,Out N About,Nipper Single Buggy V4,Raven Black
631412,ONANIP-02CRV4,Prams & Pushchairs,3 Wheelers,Out N About,Nipper V4 Double Buggy,Carnival Red
631414,ONANIP-02LBV4,Prams & Pushchairs,3 Wheelers,Out N About,Nipper V4 Double Buggy,Lagoon Blue
631418,ONANIP-02PPV4,Prams & Pushchairs,3 Wheelers,Out N About,Nipper V4 Double Buggy,Purple Punch
631420,ONANIP-02RBV4,Prams & Pushchairs,3 Wheelers,Out N About,Nipper V4 Double Buggy,Raven Black
636618,ONANIPSP-01CRV4,Prams & Pushchairs,3 Wheelers,Out N About,Nipper Sport V4 Jogging Buggy,Carnival Red
991653,ONANIPSP-01MBV4,Prams & Pushchairs,3 Wheelers,Out N About,Nipper Sport V4 Jogging Buggy,Marine Blue
962993,ONAPTDASH-V5-5,Prams & Pushchairs,3 Wheelers,Phil & Teds,Dash Buggy,Black
963016,ONAPTDASH-V5-7,Prams & Pushchairs,3 Wheelers,Phil & Teds,Dash Buggy,Grey Marl
962837,ONAPTDASHDK-V5-5,Prams & Pushchairs,Pushchair Accessories,Phil & Teds,Dash Double Kit,Black
962838,ONAPTDASHDK-V5-7,Prams & Pushchairs,Pushchair Accessories,Phil & Teds,Dash Double Kit,Grey Marl
963207,ONAPTDOTPR-V3-11,Prams & Pushchairs,3 Wheelers,Phil & Teds,Dot V3 Stroller and Double Kit,Chilli
963222,ONAPTDOTPR-V3-77,Prams & Pushchairs,3 Wheelers,Phil & Teds,Dot V3 Stroller and Double Kit,Graphite
699542,ONAPTUTBV15,Prams & Pushchairs,Pushchair Accessories,Phil & Teds,Universal Pushchair Travel Bag,Colour Black
807205,ONAPTVERSDV3,Prams & Pushchairs,Pushchair Accessories,Phil & Teds,Vibe & Verve V3 Storm Cover,Double
730505,ONAPTVERSSV3,Prams & Pushchairs,Pushchair Accessories,Phil & Teds,Vibe & Verve V3 Storm Cover,Single
730481,ONAPTVERV35,Prams & Pushchairs,Pushchairs,Phil & Teds,Verve V3 4 Wheel Pushchair,Black
730479,ONAPTVERV311,Prams & Pushchairs,Pushchairs,Phil & Teds,Verve V3 4 Wheel Pushchair,Cherry
981694,ONAPTVOY-V1-5,Prams & Pushchairs,Pushchairs,Phil & Teds,Voyager Buggy,Black
981695,ONAPTVOY-V1-7,Prams & Pushchairs,Pushchairs,Phil & Teds,Voyager Buggy,Grey Marl
980974,ONAPTVOYDK-V1-5,Prams & Pushchairs,Pushchair Accessories,Phil & Teds,Voyager Double Kit,Black
980975,ONAPTVOYDK-V1-7,Prams & Pushchairs,Pushchair Accessories,Phil & Teds,Voyager Double Kit,Grey Marl
980966,ONAPTVOYDKSC-V1,Prams & Pushchairs,Pushchair Accessories,Phil & Teds,Voyager Double Kit Storm Cover,
547169,ONAUTBV111,Prams & Pushchairs,Pushchair Accessories,Phil & Teds,Universal Pushchair Travel Bag,Colour Chilli Red
706365,QNY76505150,Prams & Pushchairs,3 Wheelers,Quinny,Yezz Travel Stroller,Grey Road
706362,QNY76506870,Prams & Pushchairs,3 Wheelers,Quinny,Yezz Travel Stroller,Blue Loop
706318,QNY78006970,Prams & Pushchairs,Pushchair Accessories,Quinny,Footmuff,Black Devotion
706329,QNY78008320,Prams & Pushchairs,Pushchair Accessories,Quinny,Footmuff,Red Rumour
706337,QNY78459140,Prams & Pushchairs,3 Wheelers,Quinny,Moodd Pushchair,White/Grey Gravel
706332,QNY78459210,Prams & Pushchairs,3 Wheelers,Quinny,Moodd Pushchair,Black/Black Devotion
706372,QNY78959240,Prams & Pushchairs,3 Wheelers,Quinny,Zapp Xtra2 Stroller,Silver/Red Rumour
706309,QNY79658360,Prams & Pushchairs,3 Wheelers,Quinny,Buzz Xtra Pushchair,Silver/Rocking Black
706308,QNY79659240,Prams & Pushchairs,3 Wheelers,Quinny,Buzz Xtra Pushchair,Silver/Red Rumour
629959,REC5601.21208.09,Prams & Pushchairs,Strollers,Recaro,Easylife Lightweight Stroller,Graphite
629961,REC5601.21211.09,Prams & Pushchairs,Strollers,Recaro,Easylife Lightweight Stroller,Pink
662913,REC5604.000.00,Prams & Pushchairs,Pushchair Accessories,Recaro,Easylife Rain Cover,
910600,REC5604.001.00,Prams & Pushchairs,Pushchair Accessories,Recaro,Easylife Bumper Bar,
910602,REC5604.002.00,Prams & Pushchairs,Pushchair Accessories,Recaro,Easylife Mosquito Net,
910606,REC5604.003.00,Prams & Pushchairs,Pushchair Accessories,Recaro,Easylife Travel Bag,
910608,REC5604.004.00,Prams & Pushchairs,Pushchair Accessories,Recaro,Easylife Cup Holder,
810609,BBN080500,Play & Learn,Ride On Toys & Walkers,BabyBjorn,Bouncer Wooden Toy Bar,Googly Eyes
650481,BPR24154,Play & Learn,Ride On Toys & Walkers,Great Gizmos,Red Pull Cart,
650480,BPR24407,Play & Learn,Ride On Toys & Walkers,Great Gizmos,Ride On Tractor and Trailer,
650471,BPR24534,Play & Learn,Ride On Toys & Walkers,Great Gizmos,Baby Walker Truck,Red
650796,BPR25179,Play & Learn,Toys,Nuby,Octopus Floating Bath Toy,
650797,BPR25180,Play & Learn,Toys,Nuby,Splish Splash Stacking Cups,
724000,CCO04079028410930,Play & Learn,Ride On Toys & Walkers,Chicco,Band Baby Walker,Turquoise
1022621,CCO06079415480930,Play & Learn,Ride On Toys & Walkers,Chicco,123 Activity Centre Baby Walker,Light Blue
687900,CCO07079028320930,Play & Learn,Ride On Toys & Walkers,Chicco,Band Baby Walker,Green Wave
724321,CCO07079028490930,Play & Learn,Ride On Toys & Walkers,Chicco,Band Baby Walker,Silver
1021604,CCO07079540320930,Play & Learn,Ride On Toys & Walkers,Chicco,Walky Talky Baby Walker,Green Wave
627579,HIPHHZ03,Play & Learn,Ride On Toys & Walkers,Happy Hopperz,Ride On Bouncing Toy,Pink Dog
627575,HIPHHZ04,Play & Learn,Ride On Toys & Walkers,Happy Hopperz,Ride On Bouncing Toy,Blue Dog
627580,HIPHHZ06,Play & Learn,Ride On Toys & Walkers,Happy Hopperz,Ride On Bouncing Toy,Pink Horse
627583,HIPHHZ08,Play & Learn,Ride On Toys & Walkers,Happy Hopperz,Ride On Bouncing Toy,Red Bull
627573,HIPHHZ09,Play & Learn,Ride On Toys & Walkers,Happy Hopperz,Ride On Bouncing Toy,Blue Bull
627576,HIPHHZ11,Play & Learn,Ride On Toys & Walkers,Happy Hopperz,Ride On Bouncing Toy,Green Dino
627771,HIPMVPRAMMININ,Play & Learn,Toys,Moover,Wooden Mini Dolls Pram,Natural
627768,HIPMVPRAMR,Play & Learn,Toys,Moover,Wooden Dolls Pram,Red
627763,HIPMVTRUCKR,Play & Learn,Ride On Toys & Walkers,Moover,Wooden Baby Truck,Red
1004541,HIPNATCRO777353,Play & Learn,Ride On Toys & Walkers,Nattou,Rocker,Noa the Horse
1004462,HIPNATELE655521,Play & Learn,Ride On Toys & Walkers,Nattou,Rocker,Rose the Elephant
1004535,HIPNATELE655538,Play & Learn,Ride On Toys & Walkers,Nattou,Rocker,Charlotte the Giraffe
627807,HIPNATGAS531078,Play & Learn,Toys,Nattou,Musical Cuddly Toy,Gaston the Horse (Small)
627806,HIPNATGAS531085,Play & Learn,Toys,Nattou,Musical Cuddly Toy,Cyril The Dog (Small)
627823,HIPNATGAS531276,Play & Learn,Ride On Toys & Walkers,Nattou,Rocker,Cyril The Dog
627965,HIPWBBEEL,Play & Learn,Ride On Toys & Walkers,Wheely Bug,Ride On Toy,Bee (Large)
627966,HIPWBBEES,Play & Learn,Ride On Toys & Walkers,Wheely Bug,Ride On Toy,Bee (Small)
627967,HIPWBCOWL,Play & Learn,Ride On Toys & Walkers,Wheely Bug,Ride On Toy,Cow (Large)
627968,HIPWBCOWS,Play & Learn,Ride On Toys & Walkers,Wheely Bug,Ride On Toy,Cow (Small)
627969,HIPWBHEDG,Play & Learn,Ride On Toys & Walkers,Wheely Bug,Ride On Toy,Hedgehog (Small)
627970,HIPWBLBL,Play & Learn,Ride On Toys & Walkers,Wheely Bug,Ride On Toy,Ladybird (Large)
627971,HIPWBLBS,Play & Learn,Ride On Toys & Walkers,Wheely Bug,Ride On Toy,Ladybird (Small)
627972,HIPWBMSL,Play & Learn,Ride On Toys & Walkers,Wheely Bug,Ride On Toy,Mouse (Large)
627973,HIPWBMSS,Play & Learn,Ride On Toys & Walkers,Wheely Bug,Ride On Toy,Mouse (Small)
627974,HIPWBPANDA,Play & Learn,Ride On Toys & Walkers,Wheely Bug,Ride On Toy,Panda (Small)
627975,HIPWBPIGL,Play & Learn,Ride On Toys & Walkers,Wheely Bug,Ride On Toy,Pig (Large)
627976,HIPWBPIGS,Play & Learn,Ride On Toys & Walkers,Wheely Bug,Ride On Toy,Pig (Small)
627977,HIPWBTIGL,Play & Learn,Ride On Toys & Walkers,Wheely Bug,Ride On Toy,Tiger (Large)
627978,HIPWBTIGS,Play & Learn,Ride On Toys & Walkers,Wheely Bug,Ride On Toy,Tiger (Small)
760680,MYC10-01-011,Play & Learn,Ride On Toys & Walkers,MyChild,Coupe Walker,Black
760722,MYC11-01-020,Play & Learn,Ride On Toys & Walkers,MyChild,Walk 'n' Rock,Blue
760685,MYC13-01-001,Play & Learn,Ride On Toys & Walkers,MyChild,F1 Walker,Racing Red
1041155,TYL33311061,Play & Learn,Toys,Tiny Love,Tiny Smarts Pals,Harry Hippo
375526,TYL33311063,Play & Learn,Toys,Tiny Love,Tiny Smarts Pals,Eli Elephant
375532,TYL33311064,Play & Learn,Toys,Tiny Love,Tiny Smarts Pals,Frankie Frog
375528,TYL33311068,Play & Learn,Toys,Tiny Love,Tiny Smarts Pals,Elsie Elephant
1041152,TYL33311076,Play & Learn,Toys,Tiny Love,Tiny Smarts Pals,Lilly Lamb
1041171,TYL33311077,Play & Learn,Toys,Tiny Love,Tiny Smarts Pals,Betty Butterfly
1041150,TYL33311080,Play & Learn,Toys,Tiny Love,Tiny Smarts Pals,Chloe Cow
1041104,TYL33311082,Play & Learn,Toys,Tiny Love,Tiny Smarts My First Rattle,Sun
1041109,TYL33311083,Play & Learn,Toys,Tiny Love,Tiny Smarts My First Rattle,Flower
1041115,TYL33311084,Play & Learn,Toys,Tiny Love,Tiny Smarts My First Rattle,Star
1040490,TYL33312002,Play & Learn,Toys,Tiny Love,Gymini Kick & Play,Jungle
1040605,TYL33312010,Play & Learn,Toys,Tiny Love,Gymini Monkey Island,
1040449,TYL33312017,Play & Learn,Toys,Tiny Love,Gymini Sunny Day,
1040706,TYL33315024,Play & Learn,Toys,Tiny Love,Follow-Me Fred,
1040750,TYL33315025,Play & Learn,Toys,Tiny Love,Follow-Me Fiona,
