Product No.,Item no,Item Description English, Local Launch, Local          Exit,Product Category,Theme,RRP price EUR
70791,70791,Skull Warrior,,,Bionicle,Bionicle,14.99
70792,70792,Skull Slicer,,,Bionicle,Bionicle,14.99
70793,70793,Skull Basher,,,Bionicle,Bionicle,14.99
70794,70794,Skull Scorpio,,,Bionicle,Bionicle,14.99
70795,70795,Mask Maker vs. Skull Grinder,,,Bionicle,Bionicle,32.99
71300,71300,Uxar Creature of Jungle,,,,Bionicle,9.99
71301,71301,Ketar Creature of Stone,,,,Bionicle,9.99
71302,71302,Akida Creature of Water,,,,Bionicle,9.99
71303,71303,Ikir Creature of Fire,,,,Bionicle,9.99
71304,71304,Terak Creature of Earth,,,,Bionicle,9.99
71305,71305,Lewa Uniter of Jungle,,,,Bionicle,17.99
71306,71306,Pohatu Uniter of Stone,,,,Bionicle,17.99
71307,71307,Gali Uniter of Water,,,,Bionicle,17.99
71308,71308,Tahu Uniter of Fire,,,,Bionicle,19.99
71309,71309,Onua Uniter of Earth,,,,Bionicle,19.99
71310,71310,Umarak the Hunter,,,,Bionicle,19.99
71311,71311,Kopaka and Melum - Unity set,,,,Bionicle,29.99
71312,71312,Ekimu the Mask Maker,,,,Bionicle,17.99
71313,71313,Lava Beast,,,,Bionicle,17.99
71314,71314,Storm Beast,,,,Bionicle,17.99
71315,71315,Quake Beast,,,,Bionicle,17.99
71316,71316,Umarak the Destroyer,,,,Bionicle,29.99
75107,75107,Jango Fett?,,,Constraction Star Wars,Constraction Star Wars,19.99
75108,75108,Clone Commander Cody?,,,Constraction Star Wars,Constraction Star Wars,19.99
75109,75109,Obi-Wan Kenobi?,,,Constraction Star Wars,Constraction Star Wars,26.99
75110,75110,Luke Skywalker?,,,Constraction Star Wars,Constraction Star Wars,19.99
75111,75111,Darth Vader?,,,Constraction Star Wars,Constraction Star Wars,29.99
75112,75112,General Grievous?,,,Constraction Star Wars,Constraction Star Wars,34.99
75113,75113,Rey,,,,Constraction Star Wars,19.99
75114,75114,First Order Stormtrooper™,,,,Constraction Star Wars,19.99
75115,75115,Poe Dameron™,,,,Constraction Star Wars,29.99
75116,75116,Finn,,,,Constraction Star Wars,29.99
75117,75117,Kylo Ren™,,,,Constraction Star Wars,29.99
75118,75118,Captain Phasma™,,,,Constraction Star Wars,29.99
75119,75119,Constraction 2016_7,,,,Constraction Star Wars,29.99
75120,75120,Constraction 2016_8,,,,Constraction Star Wars,29.99
75121,75121,Constraction 2016_9,,,,Constraction Star Wars,29.99
10667,10667,LEGO® Juniors Construction,,,,Juniors,19.99
10673,10673,Race Car Rally,,,,Juniors,32.99
10674,10674,Pony Farm,,,,Juniors,32.99
10680,10680,Garbage Truck,,,,Juniors,19.99
10683,10683,Road Work Truck,,,Juniors,Juniors,19.99
10684,10684,Supermarket Suitcase,,,,Juniors,26.99
10685,10685,Fire Suitcase,,,,Juniors,26.99
10686,10686,Family House,,,Juniors,Juniors,34.99
10687,10687,Spider-Man? Hideout,,,Juniors,Juniors,34.99
10720,10720,Police Helicopter Chase,,,,Juniors,9.99
10721,10721,Iron Man vs. Loki,,,,Juniors,12.99
10722,10722,Snake Showdown,,,,Juniors,17.99
10723,10723,Ariel’s Dolphin Carriage,,,,Juniors,17.99
10724,10724,Batman™ & Superman™ vs. Lex Luthor™,,,,Juniors,19.99
10725,10725,Lost Temple,,,,Juniors,39.99
10726,10726,Stephanie’s Horse Carriage,,,,Juniors,12.99
10727,10727,Emma’s Ice Cream Truck,,,,Juniors,19.99
10728,10728,Mia’s Vet Clinic,,,,Juniors,29.99
10729,10729,Cinderella’s Carriage,,,,Juniors,26.99
10654,10654,TRU Exclusive,,,,LEGO Classic,0
10682,10682,LEGOÂ® creatieve koffer,01/09/2014,,,Bricks & More LEGO,44.99
10692,10692,LEGO® Creative Bricks,,,,LEGO Classic,14.99
10693,10693,LEGO® Creative Supplement,,,,LEGO Classic,19.99
10694,10694,LEGO® Creative Supplement Bright,,,,LEGO Classic,19.99
10695,10695,LEGO® Creative Building Box,,,,LEGO Classic,26.99
10696,10696,LEGO® Medium Creative Brick Box,,,,LEGO Classic,29.99
10697,10697,LEGO® Large Creative Box,,,,LEGO Classic,64.99
10698,10698,LEGO® Large Creative Brick Box,,,,LEGO Classic,49.99
10699,10699,Sand Baseplate,,,,LEGO Classic,7.99
10700,10700,Green Baseplate,,,,LEGO Classic,7.99
10701,10701,Gray Baseplate,,,,LEGO Classic,14.99
10702,10702,LEGO® Creative Building Set,,,,LEGO Classic,24.99
10705,10705,LEGO® Creative Building Basket,,,,LEGO Classic,39.99
630,630,Brick Separator,,,,LEGO Classic,2.49
41055,41055,Cinderella's Romantic Castle,,,,Disney Princess,74.99
41061,41061,Jasmine's Exotic Palace,,,,Disney Princess,26.99
41062,41062,Elsa’s Sparkling Ice Castle,,,,Disney Princess,44.99
41063,41063,Ariel’s Undersea Palace,,,,Disney Princess,64.99
41065,41065,Rapunzel’s Best Day Ever,,,,Disney Princess,29.99
41066,41066,Anna & Kristoff’s Sleigh Adventure,,,,Disney Princess,34.99
41067,41067,Belle’s Enchanted Castle,,,,Disney Princess,59.99
41068,41068,Arendelle Castle Celebration,,,,Disney Princess,69.99
41069,41069,Treasure’s Day at the Pool,,,,Disney Princess,9.99
41140,41140,Daisy’s Beauty Salon,,,,Disney Princess,11.99
41141,41141,Pumpkin’s Royal Carriage,,,,Disney Princess,11.99
41142,41142,Palace Pets Royal Castle,,,,Disney Princess,19.99
41073,41073,Naida's Epic Adventure Ship,,,,Elves,32.99
41075,41075,The Elves’ Treetop Hideaway,,,,Elves,54.99
41077,41077,Aira's Pegasus Sleigh,,,Elves,Elves,44.99
41078,41078,Skyra's Mysterious Sky Castle,,,Elves,Elves,94.99
41171,41171,Emily Jones & the Baby Wind Dragon,,,,Elves,9.99
41172,41172,The Water Dragon Adventure,,,,Elves,19.99
41173,41173,Elvendale School of Dragons,,,,Elves,19.99
41174,41174,The Starlight Inn,,,,Elves,34.99
41175,41175,Fire Dragon's Lava Cave,,,,Elves,44.99
41176,41176,The Secret Market Place,,,,Elves,69.99
41177,41177,The Precious Crystal Mine,,,,Elves,29.99
41178,41178,The Dragon Sanctuary,,,,Elves,59.99
41179,41179,Queen Dragon's Rescue,,,,Elves,79.99
41180,41180,Ragana's Magic Shadow Castle,,,,Elves,99.99
41093,41093,Heartlake Hair Salon,,,,LEGO Friends,32.99
41094,41094,Heartlake Lighthouse,,,,LEGO Friends,44.99
41095,41095,Emma’s House,,,,LEGO Friends,74.99
41097,41097,Heartlake Hot Air Balloon,,,,LEGO Friends,32.99
41099,41099,Heartlake Skate Park,,,LEGO Friends,LEGO Friends,19.99
41100,41100,Heartlake Private Jet,,,LEGO Friends,LEGO Friends,26.99
41101,41101,Heartlake Grand Hotel,,,LEGO Friends,LEGO Friends,139.99
41103,41103,Pop Star Recording Studio,,,LEGO Friends,LEGO Friends,14.99
41104,41104,Pop Star Dressing Room,,,LEGO Friends,LEGO Friends,32.99
41105,41105,Pop Star Show Stage,,,LEGO Friends,LEGO Friends,49.99
41106,41106,Pop Star Tour Bus,,,LEGO Friends,LEGO Friends,64.99
41107,41107,Pop Star Limo,,,,LEGO Friends,26.99
41108,41108,Heartlake Food Market,,,,LEGO Friends,44.99
41109,41109,Heartlake Airport,,,,LEGO Friends,99.99
41110,41110,Birthday Party,,,,LEGO Friends,19.99
41111,41111,Party Train,,,,LEGO Friends,9.99
41112,41112,Party Cakes,,,,LEGO Friends,5.99
41113,41113,Party Gift Shop,,,,LEGO Friends,5.99
41114,41114,Party Styling,,,,LEGO Friends,5.99
41115,41115,Emma's Creative Workshop,,,,LEGO Friends,9.99
41116,41116,Olivia's Exploration Car,,,,LEGO Friends,17.99
41117,41117,Pop Star TV Studio,,,,LEGO Friends,19.99
41118,41118,Heartlake Supermarket,,,,LEGO Friends,34.99
41119,41119,Heartlake Cupcake Café,,,,LEGO Friends,44.99
41120,41120,Adventure Camp Archery,,,,LEGO Friends,9.99
41121,41121,Adventure Camp Rafting,,,,LEGO Friends,34.99
41122,41122,Adventure Camp Tree House,,,,LEGO Friends,79.99
41123,41123,Foal's Washing Station,,,,LEGO Friends,9.99
41124,41124,Heartlake Puppy Daycare,,,,LEGO Friends,34.99
41125,41125,Horse Vet Trailer,,,,LEGO Friends,39.99
41126,41126,Heartlake Riding Club,,,,LEGO Friends,69.99
41127,41127,Amusement Park Arcade,,,,LEGO Friends,17.99
41128,41128,Amusement Park Space Ride,,,,LEGO Friends,19.99
41129,41129,Amusement Park Hot Dog Van,,,,LEGO Friends,29.99
41130,41130,Amusement Park Roller Coaster,,,,LEGO Friends,99.99
41131,41131,LEGO Friends Advent Calendar 2016,,,,LEGO Friends,24.99
41132,41132,Heartlake Party Shop,,,,LEGO Friends,34.99
41133,41133,Amusement Park Bumper Cars,,,,LEGO Friends,44.99
41134,41134,Heartlake Performance School,,,,LEGO Friends,89.99
41135,41135,Livi's Pop Star House,,,,LEGO Friends,59.99
66537,66537,LEGO Friends Value Pack,,,,LEGO Friends,29.99
66539,66539,LEGO Friends VP,,,,LEGO Friends,69.99
9071,9071,Building Plates,,,LE Preschool,LE Preschool,31.5
9286,9286,Large Building Plates Set,,,LE Preschool,LE Preschool,29.5
9348,9348,Community Minifigure Set,,,LE Preschool,LE Preschool,48.5
9349,9349,Fairytale and Historic Minifigure Set,,,LE Preschool,LE Preschool,48.5
9386,9386,"Doors, Windows & Roof Tiles",,,LE Preschool,LE Preschool,40.99
9387,9387,Wheels Set,,,LE Preschool,LE Preschool,38.5
45500,45500,EV3 Intelligent Brick,,,MINDSTORMS Education,MINDSTORMS Education,199.99
45501,45501,EV3 Rechargeable DC Battery,,,MINDSTORMS Education,MINDSTORMS Education,109.99
45502,45502,EV3 Large Servo Motor,,,MINDSTORMS Education,MINDSTORMS Education,29.99
45503,45503,EV3 Medium Servo Motor,,,MINDSTORMS Education,MINDSTORMS Education,26.99
45504,45504,EV3 Ultrasonic Sensor,,,MINDSTORMS Education,MINDSTORMS Education,34.99
45505,45505,EV3 Gyro Sensor,,,MINDSTORMS Education,MINDSTORMS Education,34.99
45506,45506,EV3 Color Sensor,,,MINDSTORMS Education,MINDSTORMS Education,34.99
45507,45507,EV3 Touch Sensor,,,MINDSTORMS Education,MINDSTORMS Education,19.99
45508,45508,EV3 Infrared Beacon,,,MINDSTORMS Education,MINDSTORMS Education,34.99
45509,45509,EV3 Infrared Sensor,,,MINDSTORMS Education,MINDSTORMS Education,34.99
45514,45514,EV3 Cable Pack,,,MINDSTORMS Education,MINDSTORMS Education,17.99
45517,45517,Transformer 10V DC,,,MINDSTORMS Education,MINDSTORMS Education,29.99
60100,60100,Airport Starter Set,,,,City Airport,9.99
60101,60101,Airport Cargo Plane,,,,City Airport,19.99
60102,60102,Airport VIP Service,,,,City Airport,54.99
60103,60103,Airport Air Show,,,,City Airport,89.99
60104,60104,Airport Passenger Terminal,,,,City Airport,109.99
60090,60090,Deep Sea Scuba Scooter,,,City Deep Sea Explorers,City Deep Sea Explorers,5.99
60091,60091,Deep Sea Starter Set,,,City Deep Sea Explorers,City Deep Sea Explorers,9.99
60092,60092,Deep Sea Submarine,,,City Deep Sea Explorers,City Deep Sea Explorers,32.99
60093,60093,Deep Sea Helicopter,,,City Deep Sea Explorers,City Deep Sea Explorers,54.99
60095,60095,Deep Sea Exploration Vessel,,,City Deep Sea Explorers,City Deep Sea Explorers,109.99
60096,60096,Deep Sea Operation Base,,,,City Deep Sea Explorers,84.99
60072,60072,Demolition Starter Set,,,,City Demolition,9.99
60073,60073,Service Truck,,,,City Demolition,19.99
60074,60074,Bulldozer,,,,City Demolition,32.99
60076,60076,Demolition Site,,,,City Demolition,69.99
60105,60105,Fire ATV,,,,City Fire,5.99
60106,60106,Fire Starter Set,,,,City Fire,9.99
60107,60107,Fire Ladder Truck,,,,City Fire,19.99
60108,60108,Fire Response Unit,,,,City Fire,34.99
60109,60109,Fire Boat,,,,City Fire,79.99
60110,60110,Fire Station,,,,City Fire,99.99
60111,60111,Fire Utility Truck,,,,City Fire,39.99
60112,60112,Fire Engine,,,,City Fire,44.99
66541,66541,LEGO City VP_2,,,,City Fire,0
60081,60081,Pickup Tow Truck,,,,City Great Vehicles,19.99
60084,60084,Racing Bike Transporter,,,,City Great Vehicles,19.99
60085,60085,4x4 with Powerboat,,,,City Great Vehicles,32.99
60113,60113,Rally Car,,,,City Great Vehicles,9.99
60114,60114,Race Boat,,,,City Great Vehicles,9.99
60115,60115,4 x 4 Off Roader,,,,City Great Vehicles,19.99
60116,60116,Ambulance Plane,,,,City Great Vehicles,19.99
60117,60117,Van & Caravan,,,,City Great Vehicles,19.99
60118,60118,Garbage Truck,,,,City Great Vehicles,19.99
60119,60119,Ferry,,,,City Great Vehicles,32.99
60120,60120,Volcano Starter Set,,,,City In/Out,9.99
60121,60121,Volcano Exploration Truck,,,,City In/Out,19.99
60122,60122,Volcano Crawler,,,,City In/Out,29.99
60123,60123,Volcano Supply Helicopter,,,,City In/Out,54.99
60124,60124,Volcano Exploration Base,,,,City In/Out,109.99
60125,60125,Volcano Heavy-lift Helicopter,,,,City In/Out,139.99
66540,66540,LEGO City VP_1,,,,City In/Out,0
60044,60044,Mobile Police Unit,,,,City Police,29.99
60047,60047,Police Station,,,,City Police,99.99
60067,60067,Helicopter Pursuit,,,,City Police,32.99
60069,60069,Swamp Police Station,,,,City Police,69.99
60071,60071,Hovercraft Arrest,,,,City Police,44.99
60126,60126,Tire Escape,,,,City Police,5.99
60127,60127,Prison Island Starter Set,,,,City Police,9.99
60128,60128,Police Pursuit,,,,City Police,19.99
60129,60129,Police Patrol Boat,,,,City Police,44.99
60130,60130,Prison Island,,,,City Police,89.99
60131,60131,Crooks Island,,,,City Police,34.99
60077,60077,Space Starter Set,,,City Space Port,City Space Port,9.99
60078,60078,Utility Shuttle,,,City Space Port,City Space Port,19.99
60079,60079,Training Jet Transporter,,,City Space Port,City Space Port,54.99
60080,60080,Spaceport,,,City Space Port,City Space Port,94.99
7280,7280,Rechte wegenplaten en kruising,01/06/2005,,,City Supplementary,9.99
7281,7281,T-kruising en bocht,01/06/2005,,,City Supplementary,9.99
60097,60097,City Square,,,City Town,City Town,169.99
60132,60132,Service Station,,,,City Town,79.99
60133,60133,LEGO® City Advent Calendar,,,,City Town,24.99
60134,60134,Fun in the park - City People Pack,,,,City Town,44.99
60050,60050,Treinstation,01/08/2014,,,City Trains,54.99
60051,60051,Hogesnelheidstrein,01/08/2014,,,City Trains,119.99
60052,60052,Vrachttrein,01/08/2014,,,City Trains,179.99
60098,60098,Heavy-Haul Train,,,,City Trains,169.99
66493,66493,NL/50066493,01/09/2014,,,City Trains,272.96
7499,7499,Flexibele rails,01/01/2011,,,City Trains,17.99
7895,7895,Wissels,01/08/2006,,,City Trains,19.99
10214,10214,Tower Bridge,01/10/2010,,,Creator Expert,219.99
10218,10218,Dierenwinkel,01/09/2011,,,Creator Expert,149.99
10220,10220,Volkswagen T1 Kampeerbus,01/10/2011,,,Creator Expert,99.99
10232,10232,Palace Cinema,01/06/2013,,,Creator Expert,139.99
10234,10234,Sydney Opera House,01/01/2014,,,Creator Expert,299.99
10242,10242,MINI Cooper,,,,Creator Expert,99.99
10243,10243,Parijs restaurant,01/04/2014,,,Creator Expert,159.99
10244,10244,Kermisattractie,01/10/2014,,,Creator Expert,129.99
10245,10245,Santa's Workshop,,,,Creator Expert,74.99
10246,10246,Detective’s Office,,,,Creator Expert,159.99
10247,10247,Ferris Wheel,,,Creator Expert,Creator Expert,189.99
10248,10248,Ferrari F40,,,Creator Expert,Creator Expert,89.99
10249,10249,Winter Toy Shop,,,Creator Expert,Creator Expert,79.99
10251,10251,Brick Bank,,,,Creator Expert,169.99
10252,10252,Confidential -  Expert 2 2016,,,,Creator Expert,104.99
10253,10253,Confidential - Expert 3 2016,,,,Creator Expert,249.99
10254,10254,Confidential -  Expert 4 2016,,,,Creator Expert,104.99
31027,31027,Blue Racer,,,,LEGO Creator,5.99
31028,31028,Sea Plane,,,,LEGO Creator,5.99
31029,31029,Cargo Heli,,,,LEGO Creator,9.99
31031,31031,Rainforest Animals,,,,LEGO Creator,14.99
31032,31032,Red Creatures,,,,LEGO Creator,14.99
31033,31033,Vehicle Transporter,,,,LEGO Creator,19.99
31034,31034,Future flyers,,,,LEGO Creator,19.99
31035,31035,Beach Hut,,,,LEGO Creator,26.99
31036,31036,Toy & Grocery Shop,,,,LEGO Creator,39.99
31037,31037,Adventure Vehicles,,,LEGO Creator,LEGO Creator,19.99
31038,31038,Changing Seasons,,,LEGO Creator,LEGO Creator,54.99
31039,31039,Blue Power Jet,,,LEGO Creator,LEGO Creator,59.99
31040,31040,Desert Racers,,,,LEGO Creator,5.99
31041,31041,Construction Vehicles,,,,LEGO Creator,5.99
31042,31042,Super Soarer,,,,LEGO Creator,9.99
31043,31043,Chopper Transporter,,,,LEGO Creator,9.99
31044,31044,Park Animals,,,,LEGO Creator,17.99
31045,31045,Ocean Explorer,,,,LEGO Creator,17.99
31046,31046,Fast Car,,,,LEGO Creator,19.99
31047,31047,Propeller Plane,,,,LEGO Creator,19.99
31048,31048,Lakeside Lodge,,,,LEGO Creator,29.99
31049,31049,Twin Spin Helicopter,,,,LEGO Creator,34.99
31050,31050,Corner Deli,,,,LEGO Creator,39.99
31051,31051,Lighthouse Point,,,,LEGO Creator,54.99
31052,31052,Vacation Getaways,,,,LEGO Creator,69.99
31053,31053,Treehouse Adventures,,,,LEGO Creator,34.99
41554,41554,Kuffs,,,,Mixels,3.99
41555,41555,Busto,,,,Mixels,3.99
41556,41556,Tiketz,,,,Mixels,3.99
41557,41557,Camillot,,,,Mixels,3.99
41558,41558,Mixadel,,,,Mixels,3.99
41559,41559,Paladum,,,,Mixels,3.99
41560,41560,Jamzy,,,,Mixels,3.99
41561,41561,Tapsy,,,,Mixels,3.99
41562,41562,Trumpsy,,,,Mixels,3.99
41563,41563,Splasho,,,,Mixels,3.99
41564,41564,Aquad,,,,Mixels,3.99
41565,41565,Hydro,,,,Mixels,3.99
41566,41566,Sharx,,,,Mixels,3.99
41567,41567,Skulzy,,,,Mixels,3.99
41568,41568,Lewt,,,,Mixels,3.99
41569,41569,Surgeo,,,,Mixels,3.99
41570,41570,Skrubz,,,,Mixels,3.99
41571,41571,Tuth,,,,Mixels,3.99
41572,41572,Gobbol,,,,Mixels,3.99
41573,41573,Sweepz,,,,Mixels,3.99
41574,41574,Compax,,,,Mixels,3.99
41575,41575,Cobrax,,,,Mixels,3.99
41576,41576,Spinza,,,,Mixels,3.99
41577,41577,Mysto,,,,Mixels,3.99
41578,41578,Screeno,,,,Mixels,3.99
41579,41579,Camsta,,,,Mixels,3.99
41580,41580,Myke,,,,Mixels,3.99
88000,88000,Power Functions AAA Battery Box,,,LEGO Functions,LEGO Functions,12.99
88002,88002,Power Functions Train Motor,,,LEGO Functions,LEGO Functions,14.99
88003,88003,Power Functions L-Motor,,,LEGO Functions,LEGO Functions,14.99
88004,88004,Power Functions Servo Motor,,,LEGO Functions,LEGO Functions,26.99
8869,8869,Power Functions Control Switch,,,LEGO Functions,LEGO Functions,6.99
8870,8870,Power Functions Light,,,LEGO Functions,LEGO Functions,7.99
8871,8871,"Power Functions Extension Wire 20""",,,LEGO Functions,LEGO Functions,4.99
8878,8878,Power Functions Rechargeable Battery box,,,LEGO Functions,LEGO Functions,56.99
8879,8879,Power Functions IR Speed Remote Control,,,LEGO Functions,LEGO Functions,14.99
8881,8881,Power Functions Battery Box,,,LEGO Functions,LEGO Functions,7.99
8882,8882,Power Functions XL-Motor,,,LEGO Functions,LEGO Functions,11.99
8883,8883,Power Functions M-Motor,,,LEGO Functions,LEGO Functions,9.99
8884,8884,Power Functions IR RX,,,LEGO Functions,LEGO Functions,16.99
8885,8885,Power Functions IR TX,,,LEGO Functions,LEGO Functions,10.99
8886,8886,"Power Functions Extension Wire 8""",,,LEGO Functions,LEGO Functions,3.99
2000409,2000409,LEGO® SERIOUS PLAY® Window Exploration B,,,LEGO Serious Play,LEGO Serious Play,359.99
2000414,2000414,LEGO® SERIOUS PLAY® Starter Kit,,,LEGO Serious Play,LEGO Serious Play,649
2000430,2000430,LEGO® SERIOUS PLAY® Identity and Landsca,,,LEGO Serious Play,LEGO Serious Play,699.99
2000431,2000431,LEGO® SERIOUS PLAY® Connections Kit,,,LEGO Serious Play,LEGO Serious Play,559.99
31313,31313,LEGO® MINDSTORMS® EV3,,,,MINDSTORMS,399.99
71170,71170,Starter Pack PLAYSTATION® 3,,,,Dimensions,0
71171,71171,Starter Pack PLAYSTATION® 4,,,,Dimensions,0
71172,71172,Starter Pack Xbox One™,,,,Dimensions,0
71173,71173,Starter Pack Xbox 360®,,,,Dimensions,0
71174,71174,Starter Pack Wii U™,,,,Dimensions,0
71201,71201,Back to the Future™ Level Pack,,,,Dimensions,29.99
71202,71202,The Simpsons™ Level Pack,,,,Dimensions,29.99
71203,71203,Portal® 2 Level Pack,,,,Dimensions,29.99
71204,71204,Doctor Who Level Pack,,,,Dimensions,29.99
71205,71205,Jurassic World™ Team Pack,,,,Dimensions,29.99
71206,71206,Scooby-Doo!™ Team Pack,,,,Dimensions,29.99
71207,71207,NINJAGO™ Team Pack,,,,Dimensions,29.99
71209,71209,Wonder Woman™ Fun Pack,,,,Dimensions,17.99
71210,71210,Cyborg™ Fun Pack,,,,Dimensions,17.99
71211,71211,Bart Fun Pack,,,,Dimensions,17.99
71212,71212,Emmet Fun Pack,,,,Dimensions,17.99
71213,71213,Bad Cop Fun Pack,,,,Dimensions,17.99
71214,71214,Benny Fun Pack,,,,Dimensions,17.99
71215,71215,Jay Fun Pack,,,,Dimensions,17.99
71216,71216,Nya Fun Pack,,,,Dimensions,17.99
71217,71217,Zane Fun Pack,,,,Dimensions,17.99
71218,71218,Gollum™ Fun Pack,,,,Dimensions,17.99
71219,71219,Legolas™ Fun Pack,,,,Dimensions,17.99
71220,71220,Gimli™ Fun Pack,,,,Dimensions,17.99
71221,71221,Wicked Witch™ Fun Pack,,,,Dimensions,17.99
71222,71222,Laval Fun Pack,,,,Dimensions,17.99
71223,71223,Cragger Fun Pack,,,,Dimensions,17.99
71227,71227,Krusty Fun Pack,,,,Dimensions,17.99
71228,71228,The Ghostbusters™ Level Pack,,,,Dimensions,0
71229,71229,DC Comics™ Team Pack,,,,Dimensions,0
71230,71230,Doc Brown Fun Pack,,,,Dimensions,0
71231,71231,Unikitty Fun Pack,,,,Dimensions,17.99
71232,71232,Eris Fun Pack,,,,Dimensions,17.99
71233,71233,Stay Puft Fun Pack,,,,Dimensions,0
71234,71234,Sensei Wu Fun Pack,,,,Dimensions,0
71235,71235,Midway Arcade™ Level Pack,,,,Dimensions,0
71236,71236,Superman™ Fun Pack,,,,Dimensions,0
71237,71237,Aquaman™ Fun Pack,,,,Dimensions,0
71238,71238,Cyberman™ Fun Pack,,,,Dimensions,0
71239,71239,Lloyd Fun Pack,,,,Dimensions,0
71240,71240,Bane™ Fun Pack,,,,Dimensions,0
71241,71241,Slimer Fun Pack,,,,Dimensions,0
71011,71011,Series 15,,,,LEGO Minifigures,2.99
71012,71012,Confidential Minifigures May 2016,,,,LEGO Minifigures,2.99
71013,71013,Confidential Minifigures Sept. 2016,,,,LEGO Minifigures,2.99
71040,71040,MF D2C 2016 Confidential,,,,LEGO Minifigures,349.99
70310,70310,Knighton Battle Blaster,,,,Nexo Knights,9.99
70311,70311,Chaos Catapult,,,,Nexo Knights,9.99
70312,70312,Lance’s Mecha Horse,,,,Nexo Knights,19.99
70313,70313,Moltor’s Lava Smasher,,,,Nexo Knights,19.99
70314,70314,Beast Master’s Chaos Chariot,,,,Nexo Knights,34.99
70315,70315,Clay’s Rumble Blade,,,,Nexo Knights,44.99
70316,70316,Jestro’s Evil Mobile,,,,Nexo Knights,59.99
70317,70317,The Fortrex,,,,Nexo Knights,109.99
70318,70318,The Glob Lobber,,,,Nexo Knights,9.99
70319,70319,Macy’s Thunder Mace,,,,Nexo Knights,19.99
70320,70320,Aaron Fox’s Aero-Striker V2,,,,Nexo Knights,34.99
70321,70321,General Magmar's Siege Machine of Doom,,,,Nexo Knights,54.99
70322,70322,Axl’s Tower Carrier,,,,Nexo Knights,89.99
70323,70323,Jestro’s Volcano Lair,,,,Nexo Knights,129.99
70324,70324,Merlok's Library 2.0,,,,Nexo Knights,26.99
70325,70325,Infernox captures the Queen,,,,Nexo Knights,26.99
70326,70326,The Black Knight Mech,,,,Nexo Knights,54.99
70327,70327,The King's Mech,,,,Nexo Knights,34.99
70330,70330,ULTIMATE Clay,,,,Nexo Knights,9.99
70331,70331,ULTIMATE Macy,,,,Nexo Knights,9.99
70332,70332,ULTIMATE Aaron,,,,Nexo Knights,9.99
70333,70333,ULTIMATE Robin,,,,Nexo Knights,9.99
70334,70334,Ultimate Beast Master,,,,Nexo Knights,9.99
70335,70335,ULTIMATE Lavaria,,,,Nexo Knights,9.99
70336,70336,Ultimate Axl,,,,Nexo Knights,9.99
70337,70337,Ultimate Lance,,,,Nexo Knights,9.99
70338,70338,Ultimate General Magmar,,,,Nexo Knights,9.99
70339,70339,Ultimate Flama,,,,Nexo Knights,9.99
70588,70588,Titanium Ninja Tumbler,,,,Ninjago,34.99
70589,70589,Rock Roader,,,,Ninjago,44.99
70590,70590,Airjitzu Battle Grounds,,,,Ninjago,64.99
70591,70591,Kryptarium Prison Breakout,,,,Ninjago,19.99
70592,70592,Salvage M.E.C.,,,,Ninjago,44.99
70593,70593,The Green NRG Dragon,,,,Ninjago,54.99
70594,70594,The Lighthouse Siege,,,,Ninjago,74.99
70595,70595,Ultra Stealth Raider,,,,Ninjago,99.99
70596,70596,Samurai X Cave Chaos,,,,Ninjago,129.99
70599,70599,Cole's Dragon,,,,Ninjago,9.99
70600,70600,Ninja Bike Chase,,,,Ninjago,19.99
70601,70601,Sky Shark,,,,Ninjago,19.99
70602,70602,Jay’s Elemental Dragon,,,,Ninjago,34.99
70603,70603,Raid Zeppelin,,,,Ninjago,34.99
70604,70604,Tiger Widow Island,,,,Ninjago,54.99
70605,70605,Misfortune’s Keep,,,,Ninjago,89.99
70730,70730,Chain Cycle Ambush,,,Ninjago,Ninjago,32.99
70731,70731,Jay Walker One,,,,Ninjago,44.99
70732,70732,City of Stiix,,,,Ninjago,109.99
70733,70733,Blaster Bike,,,Ninjago,Ninjago,19.99
70734,70734,Master Wu Dragon,,,Ninjago,Ninjago,49.99
70735,70735,Ronin R.E.X.,,,Ninjago,Ninjago,54.99
70736,70736,Attack of the Morro Dragon,,,Ninjago,Ninjago,69.99
70737,70737,Titan Mech Battle,,,Ninjago,Ninjago,59.99
70738,70738,Final Flight of Destiny's Bounty,,,Ninjago,Ninjago,129.99
70739,70739,Airjitzu Kai Flyer,,,Ninjago,Ninjago,9.99
70740,70740,Airjitzu Jay Flyer,,,Ninjago,Ninjago,9.99
70741,70741,Airjitzu Cole Flyer,,,Ninjago,Ninjago,9.99
70742,70742,Airjitzu Zane Flyer,,,Ninjago,Ninjago,9.99
70743,70743,Airjitzu Morro Flyer,,,Ninjago,Ninjago,9.99
70744,70744,Airjitzu Wrayth Flyer,,,Ninjago,Ninjago,9.99
70746,70746,Condrai Copter Attack,,,,Ninjago,29.99
70747,70747,Boulder Blaster,,,,Ninjago,29.99
70748,70748,Titanium Dragon,,,,Ninjago,44.99
70749,70749,Enter the Serpent,,,,Ninjago,54.99
70751,70751,Temple of Airjitzu,,,Ninjago,Ninjago,229.99
70755,70755,Jungle Raider,,,,Ninjago,19.99
75821,75821,Confidential - PT IP A_2016_1,,,,Angry Birds,17.99
75822,75822,Confidential -PT IP A_2016_2,,,,Angry Birds,29.99
75823,75823,Confidential -PT IP A_2016_3,,,,Angry Birds,44.99
75824,75824,Confidential - PT IP A_2016_4,,,,Angry Birds,59.99
75825,75825,Confidential -PT IP A_2016_5,,,,Angry Birds,79.99
75826,75826,Confidential -PT IP A_2016_6,,,,Angry Birds,99.99
75827,75827,Firehouse Headquarters,,,,Ghostbusters,399.99
75828,75828,Ghostbusters_2,,,,Ghostbusters,59.99
75915,75915,Pteranodon Capture,,,Jurassic World,Jurassic World,26.99
75916,75916,Dilophosaurus Ambush,,,Jurassic World,Jurassic World,44.99
75917,75917,Raptor Rampage,,,Jurassic World,Jurassic World,64.99
75918,75918,T. rex Tracker,,,Jurassic World,Jurassic World,89.99
75919,75919,Indominus rex? Breakout,,,Jurassic World,Jurassic World,119.99
75900,75900,Mummy Museum Mystery,,,Scooby-Doo,Scooby-Doo,14.99
75901,75901,Mystery Plane Adventures,,,Scooby-Doo,Scooby-Doo,24.99
75902,75902,The Mystery Machine,,,Scooby-Doo,Scooby-Doo,39.99
75903,75903,Haunted Lighthouse,,,Scooby-Doo,Scooby-Doo,54.99
75904,75904,Mystery Mansion,,,Scooby-Doo,Scooby-Doo,89.99
71006,71006,Het huis van The SimpsonsÂ,01/05/2014,,,Simpsons,219.99
71016,71016,The Kwik-E-Mart,,,,Simpsons,219.99
75870,75870,Chevrolet Corvette Z06,,,,Speed Champions,17.99
75871,75871,Ford Mustang GT,,,,Speed Champions,17.99
75872,75872,Audi R18 e-tron quattro,,,,Speed Champions,17.99
75873,75873,Audi R8 LMS ultra,,,,Speed Champions,17.99
75874,75874,Chevrolet Camaro Drag Race,,,,Speed Champions,39.99
75875,75875,Ford F-150 Raptor & Ford Model A Hot Rod,,,,Speed Champions,54.99
75876,75876,Porsche 919 Hybrid and 917K Pit Lane,,,,Speed Champions,89.99
75899,75899,LaFerrari,,,,Speed Champions,14.99
75908,75908,458 Italia GT2,,,,Speed Champions,14.99
75909,75909,McLaren P1™,,,,Speed Champions,14.99
75910,75910,Porsche 918 Spyder,,,,Speed Champions,14.99
75911,75911,McLaren Mercedes Pit Stop,,,,Speed Champions,39.99
75912,75912,Porsche 911 GT Finish Line,,,,Speed Champions,54.99
75913,75913,F14 T & Scuderia Ferrari Truck,,,,Speed Champions,109.99
10236,10236,EwokÂ dorp,01/01/2014,,,Star Wars TM,259.99
75059,75059,SandcrawlerÂ,01/09/2014,,,Star Wars TM,329.99
75060,75060,Slave I™,,,,Star Wars TM,199.99
75074,75074,Snowspeeder™,,,,Star Wars TM,9.99
75075,75075,AT-AT™,,,,Star Wars TM,9.99
75078,75078,Imperial Troop Transport,,,,Star Wars TM,14.99
75079,75079,Shadow Troopers,,,,Star Wars TM,14.99
75082,75082,TIE Advanced Prototype™,,,,Star Wars TM,54.99
75085,75085,Hailfire Droid™,,,,Star Wars TM,29.99
75086,75086,Battle Droid™ Troop Carrier,,,,Star Wars TM,54.99
75087,75087,Anakin’s Custom Jedi Starfighter™,,,,Star Wars TM,54.99
75088,75088,Senate Commando Troopers™,,,,Star Wars TM,14.99
75089,75089,Geonosis Troopers™,,,,Star Wars TM,14.99
75091,75091,Flash Speeder?,,,Star Wars TM,Star Wars TM,44.99
75092,75092,Naboo Starfighter?,,,Star Wars TM,Star Wars TM,69.99
75093,75093,Death Star? Final Duel,,,Star Wars TM,Star Wars TM,89.99
75094,75094,Imperial Shuttle Tydirium?,,,Star Wars TM,Star Wars TM,109.99
75095,75095,TIE Fighter™,,,,Star Wars TM,229.99
75096,75096,Sith Infiltrator™,,,,Star Wars TM,109.99
75098,75098,Star Wars Direct Confidential,,,Star Wars TM,Star Wars TM,279.99
75099,75099,Star Wars Wolf 1,,,Star Wars TM,Star Wars TM,29.99
75100,75100,Star Wars Wolf 2,,,Star Wars TM,Star Wars TM,54.99
75101,75101,Star Wars Wolf 3,,,Star Wars TM,Star Wars TM,74.99
75102,75102,Star Wars Wolf 4,,,Star Wars TM,Star Wars TM,89.99
75103,75103,Star Wars Wolf 5,,,Star Wars TM,Star Wars TM,99.99
75104,75104,Star Wars Wolf 6,,,Star Wars TM,Star Wars TM,129.99
75105,75105,Star Wars Wolf 7,,,Star Wars TM,Star Wars TM,159.99
75106,75106,Imperial Assault Carrier?,,,Star Wars TM,Star Wars TM,139.99
75125,75125,Resistance X-Wing Fighter™,,,,Star Wars TM,9.99
75126,75126,First Order Snowspeeder™,,,,Star Wars TM,9.99
75127,75127,The Ghost™,,,,Star Wars TM,9.99
75128,75128,TIE Advanced Prototype™,,,,Star Wars TM,9.99
75129,75129,Wookiee™ Gunship,,,,Star Wars TM,9.99
75130,75130,AT-DP™,,,,Star Wars TM,9.99
75131,75131,Resistance Trooper Battle Pack,,,,Star Wars TM,16.99
75132,75132,First Order Battle Pack,,,,Star Wars TM,16.99
75133,75133,Rebel Alliance Battle Pack,,,,Star Wars TM,16.99
75134,75134,Galactic Empire™ Battle Pack,,,,Star Wars TM,16.99
75135,75135,Obi-Wan’s Jedi Interceptor™,,,,Star Wars TM,34.99
75136,75136,Droid™ Escape Pod,,,,Star Wars TM,34.99
75137,75137,Carbon-Freezing Chamber,,,,Star Wars TM,34.99
75138,75138,Hoth™ Attack,,,,Star Wars TM,34.99
75139,75139,Battle on Takodana™,,,,Star Wars TM,69.99
75140,75140,Resistance Troop Transporter,,,,Star Wars TM,79.99
75141,75141,Kanan's Speeder Bike™,,,,Star Wars TM,29.99
75142,75142,Homing Spider Droid™,,,,Star Wars TM,44.99
75145,75145,Confidential_TV Special 1,,,,Star Wars TM,44.99
75146,75146,LEGO® Star Wars™ Advent Calendar,,,,Star Wars TM,32.99
75147,75147,Confidential_TV Special 2,,,,Star Wars TM,69.99
75148,75148,Confidential_Retail 5,,,,Star Wars TM,79.99
75149,75149,Confidential_Retail 6,,,,Star Wars TM,99.99
75150,75150,Vader’s TIE Advanced vs. A-Wing Starfigh,,,,Star Wars TM,109.99
75151,75151,Clone Turbo Tank™,,,,Star Wars TM,139.99
75152,75152,Confidential SW 9,,,,Star Wars TM,44.99
75153,75153,Confidential SW 10,,,,Star Wars TM,54.99
75154,75154,Confidential SW 11,,,,Star Wars TM,79.99
75155,75155,Confidential SW 12,,,,Star Wars TM,89.99
75156,75156,Confidential SW 13,,,,Star Wars TM,109.99
75157,75157,Captain Rex’s AT-TE™,,,,Star Wars TM,139.99
75158,75158,Rebel Combat Frigate,,,,Star Wars TM,139.99
75159,75159,Confidential SW Direct 2,,,,Star Wars TM,499.99
76025,76025,Green Lantern vs. Sinestro,,,,Super Heroes,26.99
76026,76026,Gorilla Grodd goes Bananas,,,,Super Heroes,64.99
76029,76029,Iron Man vs. Ultron,,,,Super Heroes,14.99
76030,76030,Avengers Hydra Showdown,,,,Super Heroes,26.99
76031,76031,The Hulk Buster Smash,,,,Super Heroes,39.99
76032,76032,The Avengers Quinjet City Chase,,,,Super Heroes,89.99
76034,76034,The Batboat Harbor Pursuit,,,Super Heroes,Super Heroes,44.99
76035,76035,Jokerland,,,Super Heroes,Super Heroes,109.99
76036,76036,Carnage's SHIELD Sky Attack,,,Super Heroes,Super Heroes,14.99
76037,76037,Rhino and Sandman Super Villain Team-up,,,Super Heroes,Super Heroes,54.99
76038,76038,Attack on Avengers Tower,,,,Super Heroes,79.99
76042,76042,The SHIELD Helicarrier,,,Super Heroes,Super Heroes,349.99
76044,76044,Clash of the Heroes,,,,Super Heroes,17.99
76045,76045,Kryptonite Interception,,,,Super Heroes,39.99
76046,76046,Heroes of Justice: Sky High Battle,,,,Super Heroes,79.99
76047,76047,Confidential Captain America Movie 3,,,,Super Heroes,39.99
76048,76048,Iron Skull Sub Attack,,,,Super Heroes,39.99
76049,76049,Avenjet Space Mission,,,,Super Heroes,69.99
76050,76050,Confidential - Captain America Movie 1,,,,Super Heroes,29.99
76051,76051,Confidential - Captain America Movie 2,,,,Super Heroes,89.99
76052,76052,Confidential - Super Heroes,,,,Super Heroes,289.99
76053,76053,Batman™: Gotham City Cycle Chase,,,,Super Heroes,26.99
76054,76054,Batman™: Scarecrow™ Harvest of Fear,,,,Super Heroes,74.99
76055,76055,Batman™: Killer Croc™ Sewer Smash,,,,Super Heroes,89.99
76056,76056,Batman™: Rescue from Ra’s al Ghul™,,,,Super Heroes,39.99
76057,76057,Spider-Man: Web Warriors Ultimate Bridge,,,,Super Heroes,109.99
76058,76058,Spider-Man: Ghost Rider Team-up,,,,Super Heroes,26.99
76059,76059,Spider-Man: Doc Ock’s Tentacle Trap,,,,Super Heroes,59.99
76060,76060,Confidential Spider-Man 4,,,,Super Heroes,39.99
76061,76061,Mighty Micros: Batman™ vs. Catwoman™,,,,Super Heroes,9.99
76062,76062,Mighty Micros: Robin™ vs. Bane™,,,,Super Heroes,9.99
76063,76063,Mighty Micros: The Flash™ vs. Captain Co,,,,Super Heroes,9.99
76064,76064,Mighty Micros: Spider-Man vs. Green Gobl,,,,Super Heroes,9.99
76065,76065,Mighty Micros: Captain America vs. Red S,,,,Super Heroes,9.99
76066,76066,Mighty Micros: Hulk vs. Ultron,,,,Super Heroes,9.99
76067,76067,Confidential Marvel 2016 MDP,,,,Super Heroes,39.99
10600,10600,Disney Pixar Cars™ Classic Race,,,,DUPLO Cars TM,26.99
10597,10597,Mickey & Minnie Birthday Parade,,,DUPLO Disney TM,DUPLO Disney TM,26.99
10827,10827,Mickey & Friends Beach House,,,,DUPLO Disney TM,34.99
10829,10829,Mickey's Workshop,,,,DUPLO Disney TM,19.99
10830,10830,Minnie's Café,,,,DUPLO Disney TM,19.99
10605,10605,Doc McStuffins Rosie the Ambulance,,,DUPLO Doc McStuffins,DUPLO Doc McStuffins,19.99
10606,10606,Doc McStuffins Backyard Clinic,,,DUPLO Doc McStuffins,DUPLO Doc McStuffins,29.99
10828,10828,Doc McStuffins´ Pet Vet Care,,,,DUPLO Doc McStuffins,24.99
10824,10824,Miles' Space Adventures,,,,DUPLO Miles,19.99
10825,10825,Miles´ Exo-Flex Suit,,,,DUPLO Miles,24.99
10826,10826,Miles' Stellosphere Hangar,,,,DUPLO Miles,34.99
10558,10558,Number Train,,,,DUPLO My First,19.99
10565,10565,LEGOÂ® DUPLOÂ® creatieve koffer,01/09/2014,,,DUPLO My First,39.99
10570,10570,LEGO® DUPLO® All-in-One-Gift-Set,,,,DUPLO My First,19.99
10571,10571,LEGO® DUPLO® All-in-One-Pink-Box-of-Fun,,,,DUPLO My First,29.99
10572,10572,LEGO® DUPLO® All-in-One-Box-of-Fun,,,,DUPLO My First,29.99
10573,10573,Creative Animals,,,,DUPLO My First,14.99
10580,10580,LEGOÂ® DUPLOÂ® Deluxe doos,01/06/2014,,,DUPLO My First,49.99
10603,10603,My First Bus,,,DUPLO My First,DUPLO My First,14.99
10615,10615,My First Tractor,,,,DUPLO My First,14.99
10616,10616,My First Playhouse,,,,DUPLO My First,19.99
10617,10617,My First Farm,,,,DUPLO My First,19.99
10618,10618,LEGO® DUPLO® Creative Building Box,,,,DUPLO My First,26.99
10622,10622,LEGO® DUPLO® Large Creative Box,,,,DUPLO My First,64.99
10623,10623,LEGO® DUPLO® Basic Bricks – Large,,,,DUPLO My First,19.99
10815,10815,My First Rocket,,,,DUPLO My First,9.99
10816,10816,My First Cars and Trucks,,,,DUPLO My First,19.99
10817,10817,LEGO® DUPLO® Creative Chest,,,,DUPLO My First,24.99
10818,10818,My First Truck,,,,DUPLO My First,19.99
10819,10819,My First Garden,,,,DUPLO My First,19.99
10820,10820,LEGO® DUPLO® Creative Building Basket,,,,DUPLO My First,39.99
10831,10831,My First Caterpillar,,,,DUPLO My First,9.99
2304,2304,LEGOÂ® DUPLOÂ® Grote Bouwplaat,01/02/1992,,,DUPLO My First,14.99
6176,6176,LEGOÂ® DUPLOÂ® Basisstenen Â Deluxe,01/01/2008,,,DUPLO My First,22.99
10596,10596,Disney Princess™ Collection,,,,DUPLO Princess TM,44.99
10594,10594,Sofia the First Royal Stable,,,,DUPLO Sofia the First,26.99
10595,10595,Sofia the First Royal Castle,,,,DUPLO Sofia the First,54.99
10822,10822,Sofia the First Magical Carriage,,,,DUPLO Sofia the First,29.99
10544,10544,The Joker Uitdaging,01/08/2014,,,DUPLO Super Heroes,32.99
10599,10599,Batman Adventure,,,DUPLO Super Heroes,DUPLO Super Heroes,44.99
10607,10607,Spider-Man Web-Bike Workshop,,,DUPLO Super Heroes,DUPLO Super Heroes,14.99
10608,10608,Spider-Man Spider Truck Adventure,,,DUPLO Super Heroes,DUPLO Super Heroes,29.99
10505,10505,Play House,,,,DUPLO Town,59.99
10506,10506,Train Accessory Set,,,,DUPLO Town,19.99
10507,10507,My First Train Set,,,,DUPLO Town,49.99
10508,10508,Deluxe Train Set,,,,DUPLO Town,119.99
10524,10524,Farm Tractor,,,,DUPLO Town,19.99
10525,10525,Big Farm,,,,DUPLO Town,64.99
10581,10581,Forest: Ducks,,,,DUPLO Town,9.99
10582,10582,Forest: Animals,,,,DUPLO Town,19.99
10584,10584,Forest: Park,,,,DUPLO Town,64.99
10586,10586,Ice Cream Truck,,,,DUPLO Town,14.99
10587,10587,Café,,,,DUPLO Town,19.99
10589,10589,Rally Car,,,,DUPLO Town,14.99
10590,10590,Airport,,,,DUPLO Town,19.99
10591,10591,Fire Boat,,,DUPLO Town,DUPLO Town,14.99
10592,10592,Fire Truck,,,DUPLO Town,DUPLO Town,26.99
10593,10593,Fire Station,,,DUPLO Town,DUPLO Town,64.99
10601,10601,LEGO® DUPLO® Truck,,,DUPLO Town,DUPLO Town,19.99
10801,10801,Baby Animals,,,,DUPLO Town,9.99
10802,10802,Savanna,,,,DUPLO Town,19.99
10803,10803,Arctic,,,,DUPLO Town,29.99
10804,10804,Jungle,,,,DUPLO Town,49.99
10805,10805,Around the World,,,,DUPLO Town,99.99
10806,10806,Horses,,,,DUPLO Town,14.99
10807,10807,Horse Trailer,,,,DUPLO Town,19.99
10808,10808,Little Plane,,,,DUPLO Town,9.99
10809,10809,Police Patrol,,,,DUPLO Town,14.99
10810,10810,Push Train,,,,DUPLO Town,29.99
10811,10811,Backhoe Loader,,,,DUPLO Town,14.99
10812,10812,Truck & Tracked Excavator,,,,DUPLO Town,19.99
10813,10813,Big Construction Site,,,,DUPLO Town,59.99
10814,10814,Tow Truck,,,,DUPLO Town,19.99
66524,66524,DUPLO Cargo Transport Value Pack,,,,DUPLO Town,129.99
66538,66538,DUPLO VP,,,,DUPLO Town,0
42030,42030,Op afstand bedienbare VOLVO L350F Wiella,01/08/2014,,,Technic,249.99
42031,42031,Cherry Picker,,,,Technic,9.99
42032,42032,Compact Tracked Loader,,,,Technic,14.99
42033,42033,Record Breaker,,,,Technic,19.99
42034,42034,Quad Bike,,,,Technic,19.99
42035,42035,Mining Truck,,,,Technic,26.99
42036,42036,Street Motorcycle,,,,Technic,39.99
42037,42037,Formula Off-Roader,,,,Technic,54.99
42038,42038,Arctic Truck,,,,Technic,84.99
42039,42039,24 Hours Race Car,,,,Technic,109.99
42040,42040,Fire Plane,,,Technic,Technic,54.99
42041,42041,Race Truck,,,,Technic,69.99
42042,42042,Crawler Crane,,,Technic,Technic,129.99
42043,42043,Mercedes-Benz Arocs 3245,,,Technic,Technic,199.99
42044,42044,Display Team Jet,,,,Technic,9.99
42045,42045,Hydroplane Racer,,,,Technic,17.99
42046,42046,Getaway Racer,,,,Technic,19.99
42047,42047,Police Interceptor,,,,Technic,19.99
42048,42048,Race Kart,,,,Technic,29.99
42049,42049,Mine Loader,,,,Technic,44.99
42050,42050,Drag Racer,,,,Technic,69.99
42052,42052,Heavy Lift Helicopter,,,,Technic,129.99
42053,42053,Volvo EW160E,,,,Technic,99.99
42054,42054,CLAAS XERION 5000 TRAC VC,,,,Technic,159.99
42055,42055,Bucket Wheel Excavator,,,,Technic,229.99
42056,42056,Confidential - Ultimate,,,,Technic,329.99
8293,8293,Power functies motorset,01/08/2008,,,Technic,39.99
30277,30277,First Order Star Destroyer™,,,,Brick Based Promotions Themed,3.99
30278,30278,Poe’s X-Wing Fighter™,,,,Brick Based Promotions Themed,3.99
30279,30279,Kylo Ren’s Command Shuttle™,,,,Brick Based Promotions Themed,3.99
30321,30321,LEGO® DUPLO® Duck,,,,Brick Based Promotions Themed,3.49
30322,30322,LEGO® DUPLO® Wildlife,,,,Brick Based Promotions Themed,3.49
30346,30346,Prison Island Helicopter,,,,Brick Based Promotions Themed,3.99
30347,30347,Fire Car,,,,Brick Based Promotions Themed,3.99
30348,30348,Dumper,,,,Brick Based Promotions Themed,3.99
30349,30349,Sports Car,,,,Brick Based Promotions Themed,3.99
30350,30350,Volcano Jackhammer,,,,Brick Based Promotions Themed,3.99
30371,30371,Knight’s Cycle,,,,Brick Based Promotions Themed,3.99
30372,30372,Robin's Mini Fortrex,,,,Brick Based Promotions Themed,3.99
30373,30373,Knighton Hyper Cannon,,,,Brick Based Promotions Themed,3.99
30374,30374,The Lava Slinger,,,,Brick Based Promotions Themed,3.99
30375,30375,Sira’s Adventurous Airglider,,,,Brick Based Promotions Themed,3.99
30396,30396,Cupcake Stall,,,,Brick Based Promotions Themed,3.99
30397,30397,Olaf’s Summertime Fun,,,,Brick Based Promotions Themed,3.99
30398,30398,Adventure Camp Bridge,,,,Brick Based Promotions Themed,3.99
30399,30399,Amusement Park Bowling,,,,Brick Based Promotions Themed,3.99
30421,30421,Skybound Plane,,,,Brick Based Promotions Themed,3.99
30422,30422,Kai's Mini Dragon,,,,Brick Based Promotions Themed,3.49
30423,30423,Anchor-Jet,,,,Brick Based Promotions Themed,3.49
30424,30424,WU-CRU Training Dojo,,,,Brick Based Promotions Themed,3.49
30446,30446,The Batmobile,,,,Brick Based Promotions Themed,3.99
30447,30447,Captain America’s Motorcycle,,,,Brick Based Promotions Themed,3.99
30448,30448,Spider-Man vs. The Venom Symbiote,,,,Brick Based Promotions Themed,3.99
30471,30471,Helicopter,,,,Brick Based Promotions Themed,3.49
30472,30472,Parrot,,,,Brick Based Promotions Themed,3.49
30473,30473,Racer,,,,Brick Based Promotions Themed,3.49
30474,30474,Reindeer,,,,Brick Based Promotions Themed,3.49
30602,30602,SW Confidential,,,,Brick Based Promotions Themed,3.99
30603,30603,Batman™ Classic TV Series - Mr. Freeze™,,,,Brick Based Promotions Themed,3.99
21006,21006,NL/50021006,27/01/2011,,,LEGO Architecture,54.99
21013,21013,Big Ben,01/01/2013,,,LEGO Architecture,29.99
21019,21019,De Eiffeltoren,01/01/2014,,,LEGO Architecture,34.99
21020,21020,Trevi Fontein,01/06/2014,,,LEGO Architecture,54.99
21022,21022,Lincoln Memorial,,,,LEGO Architecture,32.99
21023,21023,Flatiron Building,,,LEGO Architecture,LEGO Architecture,44.99
21024,21024,Louvre,,,,LEGO Architecture,64.99
21026,21026,Venice,,,,LEGO Architecture,34.99
21027,21027,Berlin,,,,LEGO Architecture,34.99
21028,21028,New York City,,,,LEGO Architecture,59.99
21029,21029,Buckingham Palace,,,,LEGO Architecture,59.99
21030,21030,United States Capitol Building,,,,LEGO Architecture,109.99
21031,21031,Burj Khalifa,,,,LEGO Architecture,44.99
21050,21050,Studio,,,LEGO Architecture,LEGO Architecture,179.99
21108,21108,Ghostbusters? Ecto-1,,,LEGO Ideas,LEGO Ideas,49.99
21302,21302,The Big Bang Theory,,,LEGO Ideas,LEGO Ideas,64.99
21303,21303,Wall-E,,,LEGO Ideas,LEGO Ideas,49.99
21304,21304,Doctor Who,,,LEGO Ideas,LEGO Ideas,64.99
21305,21305,Maze,,,,LEGO Ideas,79.99
21306,21306,LEGO Ideas_2_2016,,,,LEGO Ideas,0
21113,21113,NL/50021113,01/11/2014,,,Minecraft,19.99
21114,21114,NL/50021114,01/11/2014,,,Minecraft,29.99
21115,21115,NL/50021115,01/11/2014,,,Minecraft,39.99
21116,21116,NL/50021116,01/11/2014,,,Minecraft,59.99
21117,21117,NL/50021117,01/11/2014,,,Minecraft,69.99
21119,21119,The Dungeon,,,Minecraft,Minecraft,19.99
21120,21120,The Snow Hideout,,,Minecraft,Minecraft,44.99
21121,21121,The Desert Outpost,,,Minecraft,Minecraft,69.99
21122,21122,The Nether Fortress,,,Minecraft,Minecraft,99.99
21123,21123,The Iron Golem,,,,Minecraft,24.99
21124,21124,The End Portal,,,,Minecraft,69.99
21125,21125,The Jungle Tree House,,,,Minecraft,99.99
21126,21126,The Wither,,,,Minecraft,39.99
21127,21127,The Fortress,,,,Minecraft,119.99
21128,21128,The Village,,,,Minecraft,219.99
70160,70160,Overval aan de oever,01/08/2014,,,Agents,9.99
70161,70161,Tremor track infiltratie,01/08/2014,,,Agents,19.99
70162,70162,Infearno interceptie,01/08/2014,,,Agents,32.99
70163,70163,Toxikita's giftige gevecht,01/08/2014,,,Agents,44.99
70164,70164,Orkaan roofoverval,01/08/2014,,,Agents,64.99
70165,70165,Ultra Agents hoofdkwartier,01/08/2014,,,Agents,109.99
620,620,LEGOÂ® blauwe bouwplaat,01/01/2010,,,Bricks & More LEGO,7.99
626,626,LEGOÂ® Groene bouwplaat (32 x 32 noppen),01/01/1996,,,Bricks & More LEGO,7.99
628,628,Grote grijze grondplaat (48 x 48 noppen),01/01/1996,,,Bricks & More LEGO,14.99
4630,4630,LEGOÂ® Bouw- en speeldoos,01/09/2012,,,Bricks & More LEGO,44.99
6177,6177,LEGOÂ® Basisstenen Â Deluxe,01/01/2008,,,Bricks & More LEGO,22.99
10662,10662,LEGOÂ® grote emmer,01/01/2013,,,Bricks & More LEGO,27.99
10664,10664,LEGOÂ® creatieve toren,01/06/2013,,,Bricks & More LEGO,59.99
10681,10681,LEGOÂ® Creatieve Bouwkubus,01/01/2014,,,Bricks & More LEGO,26.99
10223,10223,Ridderduel,01/04/2012,,,Castle,129.99
70400,6024761,Boshinderlaag,01/08/2013,,,Castle,9.99
70401,6024764,Gouden vlucht,01/08/2013,,,Castle,19.99
70402,6024769,Aanval op de uitkijktoren,01/08/2013,,,Castle,29.99
70403,6024774,Drakenberg,01/08/2013,,,Castle,54.99
70404,6024776,Koningskasteel,01/08/2013,,,Castle,99.99
66491,66491,NL/50066491,01/09/2014,,,Chima,105.95
70005,6024421,LavalÂs Royal Fighter,01/01/2013,,,Chima,39.99
70006,6024426,CraggerÂs Command Ship,01/01/2013,,,Chima,89.99
70007,6024436,Eglor's tweelingmotor,01/08/2013,,,Chima,19.99
70008,6024453,Gorzan's gorillajager,01/08/2013,,,Chima,54.99
70009,6024458,Worriz' strijdperk,01/08/2013,,,Chima,79.99
70010,6024462,De Leeuwen CHI tempel,01/08/2013,,,Chima,129.99
70014,70014,De Krokodillen moerashut,01/06/2013,,,Chima,74.99
70123,6061773,Leeuw legendebeest,01/01/2014,,,Chima,9.99
70124,6061780,Adelaar legendebeest,01/01/2014,,,Chima,9.99
70125,6061784,Gorilla legendebeest,01/01/2014,,,Chima,9.99
70126,6061790,Krokodil legendebeest,01/01/2014,,,Chima,9.99
70127,6061792,Wolf legendebeest,01/01/2014,,,Chima,9.99
70128,6061450,BraptorÂs Wing Striker,01/01/2014,,,Chima,14.99
70129,6061452,LavertusÂ Twin Blade,01/01/2014,,,Chima,22.99
70130,6061454,SparratusÂ Spider Stalker,01/01/2014,,,Chima,22.99
70131,6061457,RogonÂs Rock Flinger,01/01/2014,,,Chima,34.99
70132,6061459,ScormÂs Scorpion Stinger,01/01/2014,,,Chima,39.99
70133,70133,Spinlyns grot,01/01/2014,,,Chima,39.99
70134,70134,LavertusÂ Buitengebied Basis,01/01/2014,,,Chima,64.99
70135,70135,Craggers Vuurstriker,01/06/2014,,,Chima,39.99
70136,6061712,Bananengevecht,01/01/2014,,,Chima,14.99
70137,6061714,Vleermuisaanval,01/01/2014,,,Chima,14.99
70138,6061718,Websprint,01/01/2014,,,Chima,14.99
70139,6061721,Zweefsprong,01/01/2014,,,Chima,14.99
70140,6061726,Stekelduel,01/01/2014,,,Chima,19.99
70141,70141,VardyÂs IJszweefvlieger,01/06/2014,,,Chima,19.99
70142,70142,ErisÂ Vuurvlieger,01/06/2014,,,Chima,32.99
70143,70143,Sir Fangars Sabeltand Walker,01/06/2014,,,Chima,39.99
70144,70144,Lavals Vuurleeuw,01/06/2014,,,Chima,54.99
70145,70145,MaulaÂs IJsmammoet Stamper,01/06/2014,,,Chima,89.99
70146,70146,Phoenix Vuurtempel,01/06/2014,,,Chima,129.99
70147,70147,Sir Fangars IJsfort,01/06/2014,,,Chima,79.99
70149,70149,Schroeiende Zwaarden,01/06/2014,,,Chima,14.99
70150,70150,Vlammende Klauwen,01/06/2014,,,Chima,14.99
70151,70151,IJzige Stekels,01/06/2014,,,Chima,14.99
70155,70155,Vlammenkuil,01/06/2014,,,Chima,14.99
70156,70156,Vuur vs. IJs,01/06/2014,,,Chima,19.99
60019,6024965,Stuntvliegtuig,01/08/2013,,,City Airport,12.99
60020,6024971,Vrachtwagen,01/08/2013,,,City Airport,29.99
60021,6024976,Hefschroef vrachtvliegtuig,01/08/2013,,,City Airport,44.99
60022,6024977,Vrachtterminal,01/08/2013,,,City Airport,99.99
60032,60032,Arctic Sneeuwscooter,01/06/2014,,,City Arctic,5.99
60033,60033,Arctic IJscrawler,01/06/2014,,,City Arctic,14.99
60034,60034,Arctic Helikopterkraan,01/06/2014,,,City Arctic,29.99
60035,60035,Arctic Voorpost,01/06/2014,,,City Arctic,44.99
60036,60036,Arctic basiskamp,01/06/2014,,,City Arctic,99.99
60062,60062,Arctic ijsbreker,01/06/2014,,,City Arctic,109.99
60064,60064,Arctic bevoorradingsvliegtuig,01/06/2014,,,City Arctic,54.99
60011,6024980,Surfer redding,01/06/2013,,,City Coast Guard,5.99
60012,6024982,4x4 & Duikersboot,01/06/2013,,,City Coast Guard,12.99
60014,6024986,Kustwacht patrouille,01/06/2013,,,City Coast Guard,69.99
60015,60015,Kustwacht vliegtuig,01/06/2013,,,City Coast Guard,44.99
66476,66476,NL/50066476,01/02/2014,,,City Police,35.97
66492,66492,NL/50066492,01/09/2014,,,City Police,85.97
60000,6021696,Brandweermotor,01/01/2013,,,City Fire,5.99
60001,6021676,Brandweercommandant,01/01/2013,,,City Fire,9.99
60002,6021707,Brandweertruck,01/01/2013,,,City Fire,19.99
60003,6021709,Brandalarm,01/01/2013,,,City Fire,29.99
60004,6021713,Brandweerkazerne,01/01/2013,,,City Fire,79.99
60017,6021681,Takelwagen,01/03/2013,,,City Great Vehicles,19.99
60025,6025046,Grand Prix truck,01/06/2013,,,City Great Vehicles,29.99
60053,6056695,Racewagen,01/03/2014,,,City Great Vehicles,9.99
60054,6056697,Lantaarn reparatietruck,01/03/2014,,,City Great Vehicles,9.99
60055,6056699,Monstertruck,01/03/2014,,,City Great Vehicles,9.99
60056,6056701,Sleepwagen,01/03/2014,,,City Great Vehicles,19.99
60057,6059059,Camper,01/03/2014,,,City Great Vehicles,19.99
60058,6059062,SUV met waterscooters,01/03/2014,,,City Great Vehicles,19.99
60059,6059064,Boomstammentransport,01/03/2014,,,City Great Vehicles,19.99
60060,6059138,Autotransport,01/03/2014,,,City Great Vehicles,29.99
60061,6059141,Luchthaven brandweerwagen,01/03/2014,,,City Great Vehicles,29.99
4201,4201,Kiepwagen met laadschop,01/06/2012,,,City Mining,14.99
4203,4203,Graafmachinetransport,01/06/2012,,,City Mining,34.99
4204,4204,De mijn,01/06/2012,,,City Mining,89.99
4437,4437,Politieachtervolging,01/01/2012,,,City Police,14.99
4439,4439,Vrachthelikopter,01/01/2012,,,City Police,47.99
60006,6021698,Politie quad,01/01/2013,,,City Police,5.99
60007,6021721,Snelle achtervolging,01/01/2013,,,City Police,29.99
60008,6021723,Museum inbraak,01/01/2013,,,City Police,69.99
60009,60009,Helikopter boevenjacht,01/01/2013,,,City Police,59.99
60041,6059001,Motorachtervolging,01/01/2014,,,City Police,5.99
60042,6059004,Boevenjacht,01/01/2014,,,City Police,14.99
60043,6059007,Gevangenentransport,01/01/2014,,,City Police,19.99
60044,6059034,Mobiele Politiepost,01/01/2014,,,City Police,29.99
60045,6059042,Politiepatrouille,01/01/2014,,,City Police,44.99
60046,6059046,Helikopter Patrouille,01/01/2014,,,City Police,64.99
60047,6059048,Politiebureau,01/01/2014,,,City Police,99.99
60048,60048,Politie hondenpatrouille,01/01/2014,,,City Police,29.99
60049,60049,Helikoptertransport,01/01/2014,,,City Police,44.99
60023,6024997,LEGOÂ® City startset,01/06/2013,,,City Town,24.99
60026,60026,Stadsplein,01/06/2013,,,City Town,109.99
60063,60063,LEGOÂ® City Adventkalender,01/09/2014,,,City Town,24.99
7938,7938,Passagierstrein,01/08/2010,,,City Trains,119.99
7939,7939,Vrachttrein,01/08/2010,,,City Trains,169.99
10211,10211,Grand Emporium,01/06/2010,,,Creator Expert,149.99
10224,10224,Gemeentehuis,01/06/2012,,,Creator Expert,179.99
10226,10226,Sopwith Camel,01/09/2012,,,Creator Expert,99.99
10233,10233,Horizon Express,01/04/2013,,,Creator Expert,109.99
10235,10235,Winter dorpsmarkt,01/01/2014,,,Creator Expert,99.99
41050,6061725,Ariels wonderbaarlijke schatten,01/03/2014,,,Disney Princess,12.99
41051,6061730,Merida's highland games,01/03/2014,,,Disney Princess,19.99
41052,6061734,Ariels magische kus,01/03/2014,,,Disney Princess,32.99
41053,6061736,Assepoesters betoverde koets,01/03/2014,,,Disney Princess,32.99
41054,6061738,Rapunzels toren,01/03/2014,,,Disney Princess,44.99
41055,6061742,Assepoesters romantische kasteel,01/03/2014,,,Disney Princess,74.99
6785,6785,Creatieve taartjes,01/08/2012,,,DUPLO My First,29.99
10552,6024770,Creatieve auto's,01/01/2013,,,DUPLO My First,19.99
10553,6024773,Peuter bouwen en spelen,01/01/2013,,,DUPLO My First,14.99
10554,6024779,Peuter bouwen en rijden,01/01/2013,,,DUPLO My First,19.99
10557,10557,LEGOÂ® DUPLOÂ® grote toren,01/06/2013,,,DUPLO My First,59.99
10561,6024836,Peuter beginbouwset,01/01/2013,,,DUPLO My First,17.99
10566,6059051,Creatieve picknick,01/01/2014,,,DUPLO My First,29.99
10567,6059058,Peuter bouw- en bootblokken,01/01/2014,,,DUPLO My First,19.99
10570,6059067,LEGOÂ® DUPLOÂ® alles-in-Ã©Ã©n cadeauset,01/01/2014,,,DUPLO My First,19.99
10571,6059070,LEGOÂ® DUPLOÂ® alles-in-Ã©Ã©n roze doos,01/01/2014,,,DUPLO My First,29.99
10572,6059072,LEGOÂ® DUPLOÂ® alles-in-Ã©Ã©n doos,01/01/2014,,,DUPLO My First,29.99
10573,6060859,Creatieve dieren,01/01/2014,,,DUPLO My First,14.99
10574,6060861,Creatieve ijsjes,01/01/2014,,,DUPLO My First,14.99
10575,10575,LEGOÂ® DUPLOÂ® Creatieve bouwkubus,01/01/2014,,,DUPLO My First,24.99
10512,6024838,Jake's schattenjacht,01/06/2013,,,DUPLO Jake,14.99
10513,6024854,Nooitgedachtland schuilplaats,01/06/2013,,,DUPLO Jake,24.99
10514,6024857,Jake's piratenschip Bucky,01/06/2013,,,DUPLO Jake,54.99
10526,10526,Peter Pan op bezoek,01/08/2014,,,DUPLO Jake,32.99
10539,10539,Strandrace,01/08/2014,,,DUPLO Jake,26.99
10558,6024812,Getallentrein,01/01/2013,,,DUPLO My First,19.99
4962,4962,Baby dierentuin,01/01/2006,,,DUPLO Town,12.99
5679,5679,Politiemotor,01/01/2011,,,DUPLO Town,9.99
5682,5682,Brandweerwagen,01/01/2011,,,DUPLO Town,29.99
6156,6156,Op safari,01/01/2012,,,DUPLO Town,69.99
6168,6168,Brandweerkazerne,01/01/2012,,,DUPLO Town,59.99
6169,6169,Brandweercommandant,01/01/2012,,,DUPLO Town,9.99
10500,6024818,Paardenstal,01/01/2013,,,DUPLO Town,29.99
10504,6024821,Groot circus,01/01/2013,,,DUPLO Town,39.99
10505,6024823,Speelhuis,01/01/2013,,,DUPLO Town,59.99
10506,6069958,Trein accessoires set,01/06/2013,,,DUPLO Town,19.99
10507,6069961,Mijn eerste treinset,01/06/2013,,,DUPLO Town,54.99
10508,6069963,Luxe treinset,01/06/2013,,,DUPLO Town,119.99
66494,66494,NL/50066494,01/09/2014,,,DUPLO Town,84.97
10519,6033094,Vuilniswagen,01/01/2013,,,DUPLO Town,19.99
10520,6033097,Wegenbouwmachine,01/01/2013,,,DUPLO Town,19.99
10521,6061837,Kalfje,01/01/2014,,,DUPLO Town,7.99
10522,6061840,Boerderijdieren,01/01/2014,,,DUPLO Town,9.99
10524,6061842,Landbouwtractor,01/01/2014,,,DUPLO Town,19.99
10525,6061844,Grote boerderij,01/01/2014,,,DUPLO Town,64.99
10527,6061846,Ambulance,01/01/2014,,,DUPLO Town,14.99
10528,10528,Schoolbus,01/06/2014,,,DUPLO Town,19.99
10529,6061850,Truck,01/01/2014,,,DUPLO Town,14.99
10532,6061852,Politie,01/01/2014,,,DUPLO Town,24.99
10546,6061854,Supermarkt,01/01/2014,,,DUPLO Town,24.99
10550,6024824,Circustransport,01/01/2013,,,DUPLO Town,19.99
10568,10568,Riddertoernooi,01/06/2014,,,DUPLO Town,9.99
10569,10569,Schatkist Aanval,01/06/2014,,,DUPLO Town,29.99
10576,6060879,Dieren verzorgen,01/01/2014,,,DUPLO Town,7.99
10577,10577,Groot Koningskasteel,01/06/2014,,,DUPLO Town,64.99
10509,6024860,Dusty en Chug,01/08/2013,,,DUPLO Planes TM,17.99
10510,6024864,Ripslinger's Air Race,01/08/2013,,,DUPLO Planes TM,29.99
10511,6024868,Skippers vliegschool,01/08/2013,,,DUPLO Planes TM,39.99
10538,10538,Brandweer- en Reddingsteam,01/08/2014,,,DUPLO Planes TM,32.99
6153,6153,Assepoesters koets,01/03/2012,,,DUPLO Princess TM,24.99
6154,6154,Assepoesters kasteel,01/03/2012,,,DUPLO Princess TM,59.99
10515,6024870,Ariel's onderzeese kasteel,01/01/2013,,,DUPLO Princess TM,29.99
10542,6061865,Het sprookje van Doornroosje,01/01/2014,,,DUPLO Princess TM,39.99
10543,10543,SupermanÂ Reddingsactie,01/08/2014,,,DUPLO Super Heroes,19.99
10545,10545,Batgrot Avontuur,01/08/2014,,,DUPLO Super Heroes,54.99
44015,6058903,EVO WALKER,01/03/2014,,,Hero Factory,9.99
44016,6058906,KAAKBEEST VS. STORMER,01/03/2014,,,Hero Factory,9.99
44017,6058909,STORMER VRIESMACHINE,01/03/2014,,,Hero Factory,14.99
44018,6058913,FURNO Jet Machine,01/03/2014,,,Hero Factory,14.99
44019,6058916,ROCKA Stealth Machine,01/03/2014,,,Hero Factory,14.99
44020,6058920,VLIEGBEEST VS. BREEZ,01/03/2014,,,Hero Factory,14.99
44021,6058988,SPLIJTBEEST VS. FURNO & EVO,01/03/2014,,,Hero Factory,19.99
44022,6058991,EVO XL Machine,01/03/2014,,,Hero Factory,26.99
44023,44023,ROCKA Crawler,01/08/2014,,,Hero Factory,9.99
44024,44024,TUNNELBEEST vs. SURGE,01/08/2014,,,Hero Factory,9.99
44025,44025,BULK Boormachine,01/08/2014,,,Hero Factory,14.99
44026,44026,KRISTALBEEST vs. BULK,01/08/2014,,,Hero Factory,14.99
44027,44027,BREEZ Springmachine,01/08/2014,,,Hero Factory,14.99
44028,44028,SURGE & ROCKA Vechtmachine,01/08/2014,,,Hero Factory,32.99
44029,44029,KONINGINNEBEEST vs. FURNO. EVO & STORMER,01/08/2014,,, Hero Factory,44.99
10659,6024642,Voertuigenkoffer,01/01/2013,,,Juniors,27.99
10660,6024645,Huizenkoffer,01/01/2013,,,Juniors,27.99
10665,6061870,Spider-ManÂ: Spider-Car achtervolging,01/03/2014,,,Juniors,12.99
10666,6061872,Graafmachine,01/03/2014,,,Juniors,9.99
10667,6061875,Bouwplaats,01/03/2014,,,Juniors,19.99
10668,6061878,Prinses speelkasteel,01/03/2014,,,Juniors,19.99
10669,10669,Turtles Hoofdkwartier,01/06/2014,,,Juniors,19.99
10671,10671,Brandalarm,01/06/2014,,,Juniors,19.99
10672,6061889,BatmanÂ: Verdedig de Batgrot,01/03/2014,,,Juniors,34.99
10673,6061892,Racewagen rally,01/03/2014,,,Juniors,32.99
10674,6061894,Pony boerderij,01/03/2014,,,Juniors,32.99
10675,6061896,Politie Â de grote ontsnapping,01/03/2014,,,Juniors,32.99
10676,10676,Ridderkasteel,01/06/2014,,,Juniors,49.99
21002,21002,NL/50021002,27/01/2011,,,LEGO Architecture,19.99
21003,21003,NL/50021003,27/01/2011,,,LEGO Architecture,19.99
21005,21005,NL/50021005,30/10/2012,,,LEGO Architecture,89.99
21009,21009,NL/50021009,01/04/2011,,,LEGO Architecture,59.99
21011,21011,Brandenburgse Poort,01/09/2011,,,LEGO Architecture,34.99
21012,21012,Sydney Opera House,01/03/2012,,,LEGO Architecture,39.99
21014,21014,Villa Savoye,01/01/2014,,,LEGO Architecture,69.99
21015,21015,De scheve toren van Pisa,01/06/2013,,,LEGO Architecture,34.99
21017,21017,Imperial Hotel,01/03/2013,,,LEGO Architecture,129.99
21018,21018,Hoofdkwartier van de Verenigde Naties,01/10/2013,,,LEGO Architecture,49.99
7346,7346,Huis aan zee,01/06/2012,,,LEGO Creator,44.99
31002,6024487,Super racer,01/01/2013,,,LEGO Creator,11.99
31003,6024489,Rode rotors,01/01/2013,,,LEGO Creator,11.99
31004,6024468,Flitsende vlieger,01/01/2013,,,LEGO Creator,11.99
31005,6024491,Transportwagen,01/01/2013,,,LEGO Creator,15.99
31006,6024493,Snelle racewagen,01/01/2013,,,LEGO Creator,19.99
31007,6024509,Power Robot,01/01/2013,,,LEGO Creator,19.99
31008,6024512,Thunder Wings,01/01/2013,,,LEGO Creator,19.99
31009,6024452,Vakantiehuisje,01/01/2013,,,LEGO Creator,27.99
31010,6024461,Boomhuis,01/06/2013,,,LEGO Creator,32.99
31011,6024514,Vliegavonturen,01/06/2013,,,LEGO Creator,54.99
31012,6024465,Familiehuis,01/06/2013,,,LEGO Creator,69.99
31013,6060851,Red Thunder,01/03/2014,,,LEGO Creator,5.99
31014,6060865,Power Digger,01/03/2014,,,LEGO Creator,5.99
31015,6060873,Emerald Express,01/03/2014,,,LEGO Creator,5.99
31017,6060875,Sunset Speeder,01/03/2014,,,LEGO Creator,9.99
31018,6060877,Highway Cruiser,01/03/2014,,,LEGO Creator,9.99
31019,6060880,Bosdieren,01/03/2014,,,LEGO Creator,17.99
31020,6060883,Twinblade avonturen,01/03/2014,,,LEGO Creator,14.99
31021,6060885,Snoezige dieren,01/03/2014,,,LEGO Creator,17.99
31022,6060888,Turbo Quad,01/03/2014,,,LEGO Creator,19.99
31023,31023,Gele Racers,01/06/2014,,,LEGO Creator,26.99
31024,31024,Machtige Motoren,01/06/2014,,,LEGO Creator,32.99
31025,6060892,Berghut,01/03/2014,,,LEGO Creator,44.99
31026,31026,Fietswinkel & CafÃ©,01/06/2014,,,LEGO Creator,79.99
21102,21102,Micro World: De Eerste Nacht,01/06/2012,,,Minecraft,34.99
21103,21103,DeLorean tijdmachine,01/08/2013,,,LEGO Ideas,39.99
21106,21106,Micro World Â The Nether,01/05/2014,,,Minecraft,34.99
21105,21105,Micro World Â The Village,01/05/2014,,,Minecraft,34.99
21118,21118,NL/50021118,01/11/2014,,,Minecraft,99.99
3185,3185,Paardenkamp,01/06/2012,,,LEGO Friends,99.99
3186,3186,Emma's paardentrailer,01/08/2012,,,LEGO Friends,24.99
3315,3315,Olivia's huis,01/03/2012,,,LEGO Friends,74.99
41000,6024543,Plezier op het water,01/01/2013,,,LEGO Friends,5.99
41003,6024519,Olivia's veulentje,01/01/2013,,,LEGO Friends,9.99
41004,6024522,Oefenzaal,01/01/2013,,,LEGO Friends,19.99
41005,6024532,Heartlake school,01/08/2013,,,LEGO Friends,54.99
41006,6024526,Bakkerij,01/08/2013,,,LEGO Friends,24.99
41007,6024560,Heartlake Dierensalon,01/01/2013,,,LEGO Friends,32.99
41008,6024534,Heartlake zwembad,01/01/2013,,,LEGO Friends,39.99
41009,6024515,AndreaÂs slaapkamer,01/08/2013,,,LEGO Friends,9.99
41010,6024506,OliviaÂs strandbuggy,01/08/2013,,,LEGO Friends,9.99
41013,6024536,EmmaÂs sportwagen,01/08/2013,,,LEGO Friends,14.99
41015,6024549,Dolfijn cruiser,01/08/2013,,,LEGO Friends,79.99
41026,6059293,Sunshine Oogst,01/01/2014,,,LEGO Friends,19.99
41027,6059295,Mia's limonadekraam,01/01/2014,,,LEGO Friends,9.99
41028,6059297,Emma's reddingspost,01/01/2014,,,LEGO Friends,9.99
41029,6059300,Stephanie's lammetje,01/01/2014,,,LEGO Friends,9.99
41030,41030,OliviaÂs ijskar,01/06/2014,,,LEGO Friends,9.99
41031,41031,AndreaÂs berghut,01/06/2014,,,LEGO Friends,9.99
41032,41032,Eerste Hulp Junglebike,01/06/2014,,,LEGO Friends,14.99
41033,41033,Junglewaterval reddingsactie,01/06/2014,,,LEGO Friends,19.99
41034,41034,Zomercaravan,01/06/2014,,,LEGO Friends,26.99
41035,6059302,Heartlake juicebar,01/01/2014,,,LEGO Friends,32.99
41036,41036,Junglebrug reddingsactie,01/06/2014,,,LEGO Friends,32.99
41037,6059304,Stephanie's strandhuis,01/01/2014,,,LEGO Friends,44.99
41038,41038,Jungle reddingsbasis,01/06/2014,,,LEGO Friends,54.99
41039,6059306,Sunshine Ranch,01/01/2014,,,LEGO Friends,79.99
41040,41040,LEGOÂ® Friends Adventkalender,01/09/2014,,,LEGO Friends,24.99
41041,6061926,Het paradijsje van Schildpad,01/01/2014,,,LEGO Friends,4.49
41042,6061932,De tempel van Tijger,01/01/2014,,,LEGO Friends,4.49
41043,6061935,De speeltuin van PinguÃ¯n,01/01/2014,,,LEGO Friends,4.49
41044,41044,De fontein van Papegaai,01/05/2014,,,LEGO Friends,4.49
41045,41045,De bananenboom van Orang-oetan,01/05/2014,,,LEGO Friends,4.49
41046,41046,De rivier van Bruine Beer,01/05/2014,,,LEGO Friends,4.49
41047,41047,Zeehondenrots,01/09/2014,,,LEGO Friends,4.49
41048,41048,Leeuwenwelp savanne,01/09/2014,,,LEGO Friends,4.49
41049,41049,Panda bamboebos,01/09/2014,,,LEGO Friends,4.49
41056,6059308,Heartlake satellietwagen,01/01/2014,,,LEGO Friends,26.99
41057,41057,Heartlake paardenshow,01/01/2014,,,LEGO Friends,44.99
41058,41058,Heartlake winkelcentrum,01/06/2014,,,LEGO Friends,109.99
41059,41059,Jungleboom schuilplaats,01/06/2014,,,LEGO Friends,32.99
66478,66478,NL/50066478,01/02/2014,,,LEGO Friends,39.97
71004,6059136,LEGOÂ® Minifiguren - De LEGO Film serie,01/01/2014,,,LEGO Minifigures,2.49
71005,71005,LEGOÂ® Minifiguren - De SimpsonsÂ Serie,01/05/2014,,,LEGO Minifigures,2.49
71007,71007,LEGOÂ® Minifiguren - oktober Serie,15/10/2014,,,LEGO Minifigures,2.49
70800,6061105,Ontsnappings-glider,01/01/2014,,,LEGO Movie,14.99
70801,6061107,Smeltkamer,01/01/2014,,,LEGO Movie,14.99
70802,6061109,Achtervolging,01/01/2014,,,LEGO Movie,26.99
70803,6061111,Dwaas paleis,01/01/2014,,,LEGO Movie,19.99
70804,6061113,IJsmachine,01/01/2014,,,LEGO Movie,32.99
70805,6061115,Afvalkraker,01/01/2014,,,LEGO Movie,32.99
70806,6061117,Kasteelcavalerie,01/01/2014,,,LEGO Movie,32.99
70807,6061121,Metaalbaards duel,01/01/2014,,,LEGO Movie,39.99
70808,6061123,Supermotor achtervolging,01/01/2014,,,LEGO Movie,54.99
70809,6061127,Lord Business schuilplaats,01/01/2014,,,LEGO Movie,79.99
70810,70810,Metaalbaards zeekoe,01/07/2014,,,LEGO Movie,249.99
70811,70811,De Flying Flusher,01/01/2014,,,LEGO Movie,32.99
70812,70812,Creatieve hinderlaag,01/01/2014,,,LEGO Movie,44.99
70813,70813,Reddingsploeg hulptroepen,01/01/2014,,,LEGO Movie,79.99
70814,70814,EmmetÂs Construct-o-Mech,01/06/2014,,,LEGO Movie,64.99
70815,70815,Supergeheim Politie-Dropship,01/06/2014,,,LEGO Movie,89.99
70816,70816,Benny's Ruimteschip,01/06/2014,,,LEGO Movie,109.99
70200,6025184,CHI Laval,01/06/2013,,,LOC Constraction,14.99
70201,6025179,CHI Eris,01/06/2013,,,LOC Constraction,14.99
70202,6025174,CHI Gorzan,01/06/2013,,,LOC Constraction,14.99
70203,6025171,CHI Cragger,01/06/2013,,,LOC Constraction,14.99
70204,6025169,CHI Worriz,01/06/2013,,,LOC Constraction,14.99
70205,6025163,CHI Razar,01/06/2013,,,LOC Constraction,14.99
70206,70206,CHI Laval,01/06/2014,,,LOC Constraction,14.99
70207,70207,CHI Cragger,01/06/2014,,,LOC Constraction,14.99
70208,70208,CHI Panthar,01/06/2014,,,LOC Constraction,14.99
70209,70209,CHI Mungus,01/06/2014,,,LOC Constraction,14.99
70210,70210,CHI Vardy,01/06/2014,,,LOC Constraction,14.99
70211,70211,CHI Fluminox,01/06/2014,,,LOC Constraction,19.99
70212,70212,CHI Sir Fangar,01/06/2014,,,LOC Constraction,19.99
10237,10237,De toren van Orthanc,01/01/2014,,,LofTR and Hobbit,229.99
79001,79001,Ontsnapt aan de spinnen van Demsterwold,15/12/2012,,,LofTR and Hobbit,29.99
79003,79003,Een onverwachte bijeenkomst,15/12/2012,,,LofTR and Hobbit,89.99
79004,79004,Ontsnapping in een ton,15/12/2012,,,LofTR and Hobbit,49.99
79005,6025200,Duel van de tovenaars,01/06/2013,,,LofTR and Hobbit,17.99
79006,6025202,De raad van Elrond,01/06/2013,,,LofTR and Hobbit,39.99
79007,6025204,De slag bij de Zwarte Poort,01/06/2013,,,LofTR and Hobbit,79.99
79008,6025206,Piratenschip hinderlaag,01/06/2013,,,LofTR and Hobbit,119.99
79011,79011,Dol Guldur hinderlaag,15/12/2013,,,LofTR and Hobbit,29.99
79012,79012,MirkwoodÂ Elfenleger,15/12/2013,,,LofTR and Hobbit,44.99
79013,79013,Meerstad achtervolging,15/12/2013,,,LofTR and Hobbit,64.99
79014,79014,Dol Guldur veldslag,15/12/2013,,,LofTR and Hobbit,89.99
79015,79015,NL/50079015,15/10/2014,,,LofTR and Hobbit,17.99
79016,79016,NL/50079016,15/10/2014,,,LofTR and Hobbit,44.99
79017,79017,NL/50079017,15/10/2014,,,LofTR and Hobbit,79.99
79018,79018,NL/50079018,15/10/2014,,,LofTR and Hobbit,139.99
31313,6029287,LEGOÂ® MINDSTORMSÂ® EV3,01/09/2013,,,MINDSTORMS,399.99
41500,41500,FLAIN,01/03/2014,,,Mixels,4.99
41501,41501,VULK,01/03/2014,,,Mixels,4.99
41502,41502,ZORCH,01/03/2014,,,Mixels,4.99
41503,41503,KRADER,01/03/2014,,,Mixels,4.99
41504,41504,SEISMO,01/03/2014,,,Mixels,4.99
41505,41505,SHUFF,01/03/2014,,,Mixels,4.99
41506,41506,TESLO,01/03/2014,,,Mixels,4.99
41507,41507,ZAPTOR,01/03/2014,,,Mixels,4.99
41508,41508,VOLECTRO,01/03/2014,,,Mixels,4.99
41509,41509,SLUMBO,01/06/2014,,,Mixels,4.99
41510,41510,LUNK,01/06/2014,,,Mixels,4.99
41511,41511,FLURR,01/06/2014,,,Mixels,4.99
41512,41512,CHOMLY,01/06/2014,,,Mixels,4.99
41513,41513,GOBBA,01/06/2014,,,Mixels,4.99
41514,41514,JAWG,01/06/2014,,,Mixels,4.99
41515,41515,KRAW,01/06/2014,,,Mixels,4.99
41516,41516,TENTRO,01/06/2014,,,Mixels,4.99
41517,41517,BALK,01/06/2014,,,Mixels,4.99
41518,41518,GLOMP,01/09/2014,,,Mixels,4.99
41519,41519,GLURT,01/09/2014,,,Mixels,4.99
41520,41520,TORTS,01/09/2014,,,Mixels,4.99
41521,41521,FOOTI,01/09/2014,,,Mixels,4.99
41522,41522,SCORPI,01/09/2014,,,Mixels,4.99
41523,41523,HOOGI,01/09/2014,,,Mixels,4.99
41524,41524,MESMO,01/09/2014,,,Mixels,4.99
41525,41525,MAGNIFO,01/09/2014,,,Mixels,4.99
41526,41526,WIZWUZ,01/09/2014,,,Mixels,4.99
10228,10228,Spookhuis,01/01/2013,,,Monster Fighters,179.99
79100,6024693,Kraang Lab ontsnapping,01/06/2013,,,Ninja Turtles TM,14.99
79103,6024594,Aanval op het Turtle hoofdkwartier,01/06/2013,,,Ninja Turtles TM,54.99
79115,79115,TurtleVan Onderschepping,01/08/2014,,,Ninja Turtles TM,54.99
79116,79116,Big Rig Sneeuwontsnapping,01/08/2014,,,Ninja Turtles TM,89.99
79117,79117,Invasie in het Turtle Hoofdkwartier,01/08/2014,,,Ninja Turtles TM,109.99
79118,79118,Karai Bike Ontsnapping,01/05/2014,,,Ninja Turtles TM,14.99
79119,79119,Ontketend in de Mutatiekamer,01/05/2014,,,Ninja Turtles TM,26.99
79120,79120,T-Rawket Luchtaanval,01/05/2014,,,Ninja Turtles TM,39.99
79121,79121,Turtle OnderzeeÃ«r Achtervolging,01/05/2014,,,Ninja Turtles TM,79.99
79122,79122,Reddingsactie in ShredderÂs Basis,01/05/2014,,,Ninja Turtles TM,64.99
70503,6024737,De Gouden Draak,01/01/2013,,,Ninjago,29.99
70505,6024741,Tempel van het Licht,01/01/2013,,,Ninjago,69.99
70720,6060908,Zweefjager,15/12/2013,,,Ninjago,9.99
70721,6060914,Kai-jachtvlieger,15/12/2013,,,Ninjago,19.99
70722,6060917,OverBorg aanval,15/12/2013,,,Ninjago,19.99
70723,6060920,Thunder Raider,15/12/2013,,,Ninjago,32.99
70724,6060924,Ninjakopter,15/12/2013,,,Ninjago,54.99
70725,6060926,Nindroid Mecha-draak,15/12/2013,,,Ninjago,89.99
70726,70726,Destructoid,01/06/2014,,,Ninjago,32.99
70727,70727,X-1 Ninja Charger,01/06/2014,,,Ninjago,39.99
70728,70728,De Slag om Ninjago City,01/06/2014,,,Ninjago,109.99
9493,9493,X-wing StarfighterÂ,01/01/2012,,,Star Wars TM,74.99
10188,10188,Death StarÂ,15/11/2008,,,Star Wars TM,419.99
10221,10221,Super Star DestroyerÂ,01/09/2011,,,Star Wars TM,399.99
10225,10225,R2-D2Â,01/08/2012,,,Star Wars TM,179.99
10240,10240,Red Five X-wing StarfighterÂ,01/09/2013,,,Star Wars TM,229.99
75000,6025108,Clone TroopersÂ vs. DroidekasÂ,01/01/2013,,,Star Wars TM,14.99
75001,6025106,Republic TroopersÂ vs SithÂ Troopers,01/01/2013,,,Star Wars TM,14.99
75002,6025104,AT-RTÂ,01/01/2013,,,Star Wars TM,29.99
75003,6025102,A-Wing StarfighterÂ,01/01/2013,,,Star Wars TM,29.99
75004,6025100,Z-95 HeadhunterÂ,01/01/2013,,,Star Wars TM,49.99
75005,6025098,RancorÂ Pit,01/01/2013,,,Star Wars TM,69.99
75012,6025096,BARC SpeederÂ (met zijspan),01/01/2013,,,Star Wars TM,29.99
75013,6025094,Umbaran MHCÂ (Mobile Heavy Cannon),01/01/2013,,,Star Wars TM,59.99
75015,6025090,Corporate Alliance Tank DroidÂ,01/06/2013,,,Star Wars TM,29.99
75016,6025088,Homing Spider DroidÂ,01/06/2013,,,Star Wars TM,39.99
75017,6025086,Duel op GeonosisÂ,01/06/2013,,,Star Wars TM,54.99
75018,6025084,JEK-14Âs Stealth StarfighterÂ,01/06/2013,,,Star Wars TM,79.99
75019,6025082,AT-TEÂ,01/06/2013,,,Star Wars TM,99.99
75020,6025080,JabbaÂs Sail BargeÂ,01/06/2013,,,Star Wars TM,129.99
75021,6025074,Republic GunshipÂ,01/06/2013,,,Star Wars TM,139.99
75022,6025072,Mandalorian SpeederÂ,01/06/2013,,,Star Wars TM,29.99
75024,75024,HH-87 StarhopperÂ,01/08/2013,,,Star Wars TM,59.99
75025,75025,JediÂ Defender-Class Cruiser,01/08/2013,,,Star Wars TM,99.99
75028,6060894,Clone Turbo TankÂ,01/03/2014,,,Star Wars TM,9.99
75029,6060900,AATÂ,01/03/2014,,,Star Wars TM,9.99
75030,6060904,Millennium FalconÂ,01/03/2014,,,Star Wars TM,9.99
75031,6060906,TIE InterceptorÂ,01/03/2014,,,Star Wars TM,9.99
75032,6060909,X-Wing FighterÂ,01/03/2014,,,Star Wars TM,9.99
75033,6060911,Star DestroyerÂ,01/03/2014,,,Star Wars TM,9.99
75034,6060916,Death Star TroopersÂ,01/01/2014,,,Star Wars TM,14.99
75035,6060922,Kashyyyk TroopersÂ,01/01/2014,,,Star Wars TM,14.99
75036,6060927,Utapau TroopersÂ,01/01/2014,,,Star Wars TM,14.99
75037,6060932,Veldslag op SaleucamiÂ,01/01/2014,,,Star Wars TM,19.99
75038,6060934,JediÂ Interceptor,01/01/2014,,,Star Wars TM,29.99
75039,6060936,V-Wing StarfighterÂ,01/01/2014,,,Star Wars TM,29.99
75040,6060938,General Grievous' Wheel BikeÂ,01/01/2014,,,Star Wars TM,29.99
75041,6061119,Vulture DroidÂ,01/01/2014,,,Star Wars TM,29.99
75042,6061124,Droid GunshipÂ,01/01/2014,,,Star Wars TM,49.99
75043,6061128,AT-APÂ,01/01/2014,,,Star Wars TM,74.99
75044,75044,Droid Tri-fighterÂ,01/01/2014,,,Star Wars TM,44.99
75045,6061132,Republic AV-7 Anti-Vehicle CannonÂ,01/01/2014,,,Star Wars TM,49.99
75046,75046,CoruscantÂ Police Gunship,01/01/2014,,,Star Wars TM,64.99
75048,75048,De Phantom,01/06/2014,,,Star Wars TM,29.99
75049,75049,SnowspeederÂ,01/06/2014,,,Star Wars TM,44.99
75050,75050,B-WingÂ,01/06/2014,,,Star Wars TM,64.99
75051,75051,JediÂ Scout Fighter,01/06/2014,,,Star Wars TM,79.99
75052,75052,Mos Eisley CantinaÂ,01/06/2014,,,Star Wars TM,89.99
75053,75053,The Ghost,01/06/2014,,,Star Wars TM,109.99
75054,75054,AT-ATÂ,01/06/2014,,,Star Wars TM,129.99
75055,75055,Imperial Star DestroyerÂ,01/06/2014,,,Star Wars TM,139.99
75056,75056,LEGOÂ® Star WarsÂ Adventkalender,01/09/2014,,,Star Wars TM,32.99
75058,75058,MTTÂ,01/08/2014,,,Star Wars TM,109.99
66479,66479,NL/50066479,01/06/2014,,,Star Wars TM,119.97
66495,66495,NL/50066495,01/09/2014,,,Star Wars TM,99.97
10937,10937,BatmanÂ: Arkham Asylum ontsnapping,01/04/2013,,,Super Heroes,169.99
76000,6023819,Artic BatmanÂ vs. Mr. FreezeÂ: AquamanÂ,01/01/2013,,,Super Heroes,29.99
76001,6024698,The Bat vs. BaneÂ: Tumbler achtervolging,01/01/2013,,,Super Heroes,49.99
76002,6024700,SupermanÂ: Metropolis duel,01/06/2013,,,Super Heroes,17.99
76003,6024702,SupermanÂ: Strijd om Smallville,01/06/2013,,,Super Heroes,69.99
76004,6024704,Spider-ManÂ: Spider-Cycle achtervolging,01/01/2013,,,Super Heroes,29.99
76005,6024706,Spider-ManÂ: Daily Bugle duel,01/01/2013,,,Super Heroes,59.99
76006,6024708,Iron ManÂ: ExtremisÂ havengevecht,01/06/2013,,,Super Heroes,26.99
76007,6024710,Iron ManÂ: Malibu landhuis aanval,01/06/2013,,,Super Heroes,39.99
76008,6043504,Iron ManÂ vs. The MandarinÂ: Het ultieme,01/06/2013,,,Super Heroes,14.99
76009,6043541,SupermanÂ: Black Zero ontsnapping,01/06/2013,,,Super Heroes,26.99
76010,76010,BatmanÂ: The Penguin Beslissend Duel,01/05/2014,,,Super Heroes,14.99
76011,76011,BatmanÂ: Man-Bat Aanval,01/05/2014,,,Super Heroes,26.99
76012,76012,BatmanÂ: The Riddler Achtervolging,01/05/2014,,,Super Heroes,39.99
76013,76013,BatmanÂ: The Joker Stoomwals,01/05/2014,,,Super Heroes,64.99
76014,76014,Spider-Trike vs. Electro,01/05/2014,,,Super Heroes,14.99
76015,76015,Doc Ock Truckroof,01/05/2014,,,Super Heroes,26.99
76016,76016,Spider-Helikopter Redding,01/05/2014,,,Super Heroes,54.99
76017,76017,Captain America vs. Hydra,01/05/2014,,,Super Heroes,26.99
76018,76018,Hulk Slooppartij,01/05/2014,,,Super Heroes,64.99
76019,76019,Starblaster Duel,01/06/2014,,,Super Heroes,26.99
76020,76020,Onontkoombare Missie,01/06/2014,,,Super Heroes,54.99
76021,76021,De Milano Ruimteschip Reddingsactie,01/06/2014,,,Super Heroes,89.99
76022,76022,X-Men vs. The Sentinel,01/06/2014,,,Super Heroes,54.99
9398,9398,4X4 Crawler,01/08/2012,,,Technic,179.99
42000,6024750,Racer,01/03/2013,,,Technic,109.99
42001,6024752,Mini off-roader,01/08/2013,,,Technic,9.99
42002,6024754,Hovercraft,01/01/2013,,,Technic,15.99
42004,6024756,Mini schoplader,01/01/2013,,,Technic,22.99
42005,6023341,Monstertruck,01/08/2013,,,Technic,39.99
42006,6025047,Graafmachine,01/01/2013,,,Technic,69.99
42007,6025212,Crossmotor,01/01/2013,,,Technic,29.99
42008,6025214,Sleeptruck,01/08/2013,,,Technic,119.99
42009,6025221,Mobiele kraan MK II,01/08/2013,,,Technic,199.99
42010,6025225,Off-road racer,01/01/2013,,,Technic,19.99
42011,6025228,Racewagen,01/01/2013,,,Technic,19.99
42020,6061163,Helikopter met dubbele rotor,01/01/2014,,,Technic,9.99
42021,6061165,Sneeuwscooter,01/01/2014,,,Technic,15.99
42022,6061167,Hot Rod,01/01/2014,,,Technic,32.99
42023,6061169,Bouwploeg,01/01/2014,,,Technic,69.99
42024,6061171,Containertruck,01/01/2014,,,Technic,79.99
42025,6061173,Vrachtvliegtuig,01/01/2014,,,Technic,129.99
42026,6061175,Black Champion Racewagen,01/01/2014,,,Technic,19.99
42027,6061177,Woestijnracer,01/01/2014,,,Technic,19.99
42028,42028,Bulldozer,01/08/2014,,,Technic,39.99
42029,42029,Custom Pick-up,01/08/2014,,,Technic,99.99
10581,6101234,Bos Eenden,,,,DUPLO Town,9.99
10582,6101236,Bos Dieren,,,,DUPLO Town,19.99
10583,6101239,Bos Vistochtje,,,,DUPLO Town,26.99
10584,6101241,Het Grote Bos,,,,DUPLO Town,64.99
10585,6101258,Moeder en baby,,,,DUPLO Town,9.99
10586,6101262,IJswagen,,,,DUPLO Town,14.99
10587,6101267,Café,,,,DUPLO Town,19.99
10589,6101281,Rallyauto,,,,DUPLO Town,14.99
10590,6101283,Vliegveld,,,,DUPLO Town,19.99
10594,6101174,Sofia het Prinsesje koninklijke paardens,,,,DUPLO Sofia the First,26.99
10595,6101179,Sofia het Prinsesje koninklijk kasteel,,,,DUPLO Sofia the First,54.99
10596,6101308,Disney Princess™ Prinsessen,,,,DUPLO Princess TM,44.99
10600,6101297,Disney Pixar Cars™ klassieke race,,,,DUPLO Cars TM,26.99
10615,6101217,Mijn eerste tractor,,,,DUPLO My First,14.99
10616,6101219,Mijn eerste speelhuis,,,,DUPLO My First,19.99
10617,6101222,Mijn eerste boerderij,,,,DUPLO My First,19.99
10677,6100988,Strandtochtje,,,,Juniors,9.99
10679,6101000,Piraten schattenjacht,,,,Juniors,9.99
10680,6101006,Vuilniswagen,,,,Juniors,19.99
10684,6101084,Supermarkt koffer,,,,Juniors,26.99
10685,6101088,Brandweer koffer,,,,Juniors,26.99
10692,6101958,LEGO® Creatieve stenen,,,,LEGO Classic,14.99
10693,6101960,LEGO® Creatieve aanvulset,,,,LEGO Classic,19.99
10694,6101963,LEGO® Creatieve felgekleurde aanvulset,,,,LEGO Classic,19.99
10695,6101967,LEGO® Creatieve bouwdoos,,,,LEGO Classic,26.99
10699,6102275,Zandkleurige bouwplaat,,,,LEGO Classic,7.99
10700,6102277,Groene bouwplaat,,,,LEGO Classic,7.99
10701,6102279,Grijze bouwplaat,,,,LEGO Classic,14.99
31027,6099980,Blauwe racer,,,,LEGO Creator,5.99
31028,6099972,Watervliegtuig,,,,LEGO Creator,5.99
31029,6099970,Vrachthelikopter,,,,LEGO Creator,9.99
31030,6099965,Rode go-kart,,,,LEGO Creator,9.99
31031,6099987,Regenwoud-dieren,,,,LEGO Creator,14.99
31032,6099985,Rode Dieren,,,,LEGO Creator,14.99
31033,6099962,Autotransport,,,,LEGO Creator,19.99
31034,6099960,Ruimte Robot,,,,LEGO Creator,19.99
31035,6099995,Strandhut,,,,LEGO Creator,26.99
31036,6099993,Speelgoedwinkel en Supermarkt,,,,LEGO Creator,39.99
41060,6100649,Doornroosje's koninklijke slaapkamer,,,,Disney Princess,12.99
41061,6100651,Jasmine's exotische paleis,,,,Disney Princess,26.99
41062,6100659,Elsa's fonkelende ijskasteel,,,,Disney Princess,44.99
41063,6100663,Ariel's onderwaterpaleis,,,,Disney Princess,64.99
41071,6100699,Aira's werkplaats,,,,Elves,9.99
41072,6100702,Naida's waterparadijs,,,,Elves,19.99
41073,6100704,Naida's avonturenschip,,,,Elves,32.99
41074,6100706,Azari en de magische bakkerij,,,,Elves,32.99
41075,6100708,Het boomhuis van de Elfen,,,,Elves,54.99
41076,6100710,Farran en de Kristalgrot,,,,Elves,14.99
41085,6099622,Dierenkliniek,,,,LEGO Friends,19.99
41086,6099625,Dierenambulance,,,,LEGO Friends,9.99
41087,6099628,Konijn met kleintjes,,,,LEGO Friends,4.99
41088,6099630,Puppy training,,,,LEGO Friends,4.99
41089,6099632,Jong veulentje,,,,LEGO Friends,4.99
41090,6099636,Olivia's zwembad,,,,LEGO Friends,9.99
41091,6099640,Mia's sportwagen,,,,LEGO Friends,14.99
41092,6099643,Stephanie's pizzeria,,,,LEGO Friends,9.99
41093,6099646,Heartlake Kapsalon,,,,LEGO Friends,32.99
41094,6099648,Heartlake vuurtoren,,,,LEGO Friends,44.99
41095,6099650,Emma's huis,,,,LEGO Friends,74.99
41097,6099652,Heartlake luchtballon,,,,LEGO Friends,32.99
42031,6100265,Hoogwerker,,,,Technic,9.99
42032,6100263,Rupsband Graafmachine,,,,Technic,14.99
42033,6100261,Recordbreker,,,,Technic,19.99
42034,6100258,Quad motor,,,,Technic,19.99
42035,6100256,Mijnbouwtruck,,,,Technic,26.99
42036,6100254,Straatmotor,,,,Technic,39.99
42037,6100251,Off-roader,,,,Technic,54.99
42038,6100215,Noordpool truck,,,,Technic,84.99
42039,6100211,24-uur racewagen,,,,Technic,109.99
60065,6100306,ATV patrouillevoertuig,,,,City Police,5.99
60066,6100308,Moeraspolitie startset,,,,City Police,9.99
60067,6100310,Helikopter achtervolging,,,,City Police,32.99
60068,6100312,Boevenschuilplaats,,,,City Police,54.99
60069,6100314,Moeraspolitie hoofdbureau,,,,City Police,69.99
60072,6100240,Sloop startset,,,,City Demolition,9.99
60073,6100243,Dienstwagen,,,,City Demolition,19.99
60074,6100246,Bulldozer,,,,City Demolition,32.99
60075,6100268,Graafmachine en truck,,,,City Demolition,44.99
60076,6100271,Sloopterrein,,,,City Demolition,69.99
60081,6100279,Pick-up sleepwagen,,,,City Great Vehicles,19.99
60082,6100281,Strandbuggy,,,,City Great Vehicles,19.99
60083,6100283,Sneeuwtruck,,,,City Great Vehicles,19.99
60084,6100286,Racemotor transport,,,,City Great Vehicles,19.99
60085,6100288,4x4 met speedboot,,,,City Great Vehicles,32.99
60086,6100341,LEGO® City startset,,,,City Town,24.99
60088,6100275,Brandweer startset,,,,City Fire,9.99
70166,6100977,Spyclops infiltratie,,,,Agents,9.99
70167,6101005,Invizable gouden ontsnapping,,,,Agents,19.99
70168,6101010,Drillex diamantroof,,,,Agents,39.99
70169,6100981,Agent Stealth Patrouille,,,,Agents,54.99
70170,6100984,UltraCopter tegen AntiMatter,,,,Agents,79.99
70220,6099930,Strainor's Sabeltand Rider,,,,Chima,14.99
70221,6099928,Flinx's Ultieme Phoenix,,,,Chima,19.99
70222,6099926,Tormak's Shadow Blazer,,,,Chima,39.99
70223,6099923,Icebite's Drilklauw,,,,Chima,54.99
70224,6099920,Tiger's Mobiele Commandopost,,,,Chima,74.99
70229,6099905,Leeuwenstam Vaandel,,,,Chima,9.99
70230,6099901,IJsbeerstam Vaandel,,,,Chima,9.99
70231,6099897,Krokdillenstam Vaandel,,,,Chima,9.99
70232,6099894,Sabeltandtijgerstam Vaandel,,,,Chima,9.99
70409,6103337,Schipbreuk verdediging,,,,Pirates,9.99
70410,6100652,Soldaten uitkijkpost,,,,Pirates,19.99
70411,6100654,Schatteneiland,,,,Pirates,19.99
70412,6100657,Het soldatenfort,,,,Pirates,39.99
70413,6100660,Piratenschip,,,,Pirates,109.99
70745,6099857,Anacondrai Crusher,,,,Ninjago,19.99
70746,6099859,Condrai helikopteraanval,,,,Ninjago,29.99
70747,6099861,Rotsblokblaster,,,,Ninjago,29.99
70748,6099863,Titanium draak,,,,Ninjago,44.99
70749,6099865,Slangenbezoek,,,,Ninjago,54.99
70750,6099867,Ninja DB X,,,,Ninjago,79.99
70752,6099871,Jungle Valsstrik,,,,Ninjago,7.99
70753,6099873,Lavastroom,,,,Ninjago,8.99
70754,6099875,ElectroMech,,,,Ninjago,14.99
70755,6099877,Jungle aanvalsvoertuig,,,,Ninjago,19.99
70778,6100391,Beschermer van de jungle,,,,Bionicle,9.99
70779,6100386,Beschermer van het gesteente,,,,Bionicle,9.99
70780,6100384,Beschermer van het water,,,,Bionicle,9.99
70781,6100382,Beschermer van de aarde,,,,Bionicle,9.99
70782,6100361,Beschermer van het ijs,,,,Bionicle,9.99
70783,6100348,Beschermer van het vuur,,,,Bionicle,9.99
70784,6100343,Lewa - meester van de jungle,,,,Bionicle,14.99
70785,6100339,Pohatu - meester van het gesteente,,,,Bionicle,14.99
70786,6100332,Gali - meester van het water,,,,Bionicle,14.99
70787,6100301,Tahu - meester van het vuur,,,,Bionicle,19.99
70788,6100299,Kopaka - meester van het ijs,,,,Bionicle,19.99
70789,6100297,Onua - meester van de aarde,,,,Bionicle,19.99
70790,6100295,Heerser over de schedelspinnen,,,,Bionicle,14.99
70817,6107680,Batman™ & Super Angry Kitty aanval,,,,LEGO Movie,14.99
70818,6107682,Dubbeldekker Bank,,,,LEGO Movie,17.99
70819,6107684,Rotagent achtervolging,,,,LEGO Movie,26.99
71008,6100798,LEGO® minifiguren serie 13,,,,LEGO Minifigures,2.99
75072,6100093,ARC-170 Starfighter™,,,,Star Wars TM,9.99
75073,6100097,Vulture Droid™ Microfighter,,,,Star Wars TM,9.99
75074,6100099,Snowspeeder™ Microfighter,,,,Star Wars TM,9.99
75075,6100101,AT-AT™ Microfighter,,,,Star Wars TM,9.99
75076,6100107,Republic Gunship™ Microfighter,,,,Star Wars TM,9.99
75077,6100110,Homing Spider Droid™ Microfighter,,,,Star Wars TM,9.99
75078,6100492,Imperial Troop Transport,,,,Star Wars TM,14.99
75079,6100495,Shadow Troopers™,,,,Star Wars TM,14.99
75080,6100112,AAT™,,,,Star Wars TM,29.99
75081,6100115,T-16 Skyhopper™,,,,Star Wars TM,29.99
75082,6100498,TIE Advanced Prototype™,,,,Star Wars TM,54.99
75083,6100557,AT-DP™,,,,Star Wars TM,64.99
75084,6100559,Wookiee™ Gunship,,,,Star Wars TM,74.99
75088,6100146,Senate Commando Troopers™,,,,Star Wars TM,14.99
75089,6100152,Geonosis Troopers™,,,,Star Wars TM,14.99
75090,6100563,Ezra's Speeder Bike,,,,Star Wars TM,29.99
75899,6100019,LaFerrari,,,,Speed Champions,14.99
75908,6100017,458 Italia GT2,,,,Speed Champions,14.99
75909,6100015,McLaren P1™,,,,Speed Champions,14.99
75910,6100014,Porsche 918 Spyder,,,,Speed Champions,14.99
75911,6100011,McLaren Mercedes Pit Stop,,,,Speed Champions,39.99
75912,6100009,Porsche 911 GT finish,,,,Speed Champions,54.99
75913,6100007,F14 T & Scuderia Ferrari truck,,,,Speed Champions,109.99
76025,6100855,Green Lantern tegen Sinestro,,,,Super Heroes,26.99
76026,6100857,Gorilla Grodd goes bananas,,,,Super Heroes,64.99
76027,6100861,Black Manta diepzee aanval,,,,Super Heroes,54.99
76028,6100865,Darkseid invasie,,,,Super Heroes,79.99
76029,6100884,Avengers #1,,,,Super Heroes,14.99
76030,6100886,Avengers #2,,,,Super Heroes,26.99
76031,6100889,Avengers #3,,,,Super Heroes,39.99
76032,6100894,Avengers #4,,,,Super Heroes,89.99
76038,6102236,Avengers #5,,,,Super Heroes,79.99
10618,6101226,LEGO® DUPLO® Creatieve bouwdoos,,,,DUPLO My First,26.99
10622,6101228,LEGO® DUPLO® Creatieve Grote Bouwdoos,,,,DUPLO My First,64.99
10696,6102211,LEGO® DUPLO® Creatieve medium opbergdoos,,,,LEGO Classic,29.99
10697,6101976,LEGO® Grote Creatieve Bouwdoos,,,,LEGO Classic,64.99
10698,6102214,LEGO® DUPLO® Creatieve grote opbergdoos,,,,LEGO Classic,49.99
41107,6099686,Popster Limousine,,,,LEGO Friends,26.99
41108,6099690,Heartlake Supermarkt,,,,LEGO Friends,44.99
41109,6099692,Heartlake Vliegveld,,,,LEGO Friends,99.99
60070,6100316,Watervliegtuig achtervolging,,,,City Police,32.99
60071,6100318,Hovercraft arrestatie,,,,City Police,44.99
60098,6100350,Zware Goederen Vrachttrein,,,,City Trains,169.99
60096,6100337,Diepzee Basis,,,,City Deep Sea Explorers,84.99
70228,6099907,Vultrix's Vliegende Aasgier,,,,Chima,44.99
70731,6099829,NL/50070731,,,,Ninjago,44.99
70732,6099831,De Stad Stiix,,,,Ninjago,109.99
70756,6099879,Dojo duel,,,,Ninjago,26.99
76040,6100875,Brainiac aanval,,,,Super Heroes,32.99
76041,6102245,Avengers #6,,,,Super Heroes,64.99
75920,6103352,NL/50075920,,,,PT IP B 2015,54.99
75085,6100136,Hailfire Droid™,,,,Star Wars TM,29.99
75086,6100138,Battle Droid™ Troop Transport,,,,Star Wars TM,54.99
75087,6100141,Anakin's Custom Jedi Starfighter,,,,Star Wars TM,54.99
75096,6100621,Sith Infiltrator™,,,,Star Wars TM,109.99
42041,6100207,Racetruck,,,,Technic,69.99
21022,6101027,Lincoln Memorial,,,,LEGO Architecture,32.99
21024,6101019,Het Louvre,,,,LEGO Architecture,64.99
630,6011742,Elementensplitser,,,,Bricks & More LEGO,2.49
10242,6061191,MINI Cooper,,,,Creator Expert,99.99
10245,6061197,Werkplaats van de Kerstman,,,,Creator Expert,74.99
10246,6100001,Detectivekantoor,,,,Creator Expert,159.99
71016,6103452,NL/50071016,,,,Simpsons,219.99
75060,6061447,Slave I™,,,,Star Wars TM,199.99
75095,6100617,TIE Fighter™,,,,Star Wars TM,229.99
66521,6120130,NL/50066521,,,,City Demolition,99.99
66522,,,,,,,0
41098,41098,Emma's Tourist Kiosk,,,LEGO Friends,LEGO Friends,9.99
41102,41102,LEGO® Friends Advent Calendar,,,LEGO Friends,LEGO Friends,24.99
9693,9693,Rechargeable Battery DC,,,MINDSTORMS Education,MINDSTORMS Education,56.99
9694,9694,Colour Sensor,,,MINDSTORMS Education,MINDSTORMS Education,0
9841,9841,Intelligent NXT Brick,,,MINDSTORMS Education,MINDSTORMS Education,159.99
9842,9842,Interactive Servo Motor,,,MINDSTORMS Education,MINDSTORMS Education,24.5
9843,9843,Touch Sensor,,,MINDSTORMS Education,MINDSTORMS Education,17.5
9844,9844,Light Sensor,,,MINDSTORMS Education,MINDSTORMS Education,17.5
9845,9845,Sound Sensor,,,MINDSTORMS Education,MINDSTORMS Education,25.99
9846,9846,Ultrasonic Sensor,,,MINDSTORMS Education,MINDSTORMS Education,32.99
60099,60099,LEGO® City Advent Calendar,,,City Town,City Town,24.99
41527,41527,Rokit,,,Mixels,Mixels,4.99
41528,41528,Niksput,,,Mixels,Mixels,4.99
41529,41529,Nurp-Naut,,,Mixels,Mixels,4.99
41530,41530,Meltus,,,Mixels,Mixels,4.99
41531,41531,Flamzer,,,Mixels,Mixels,4.99
41532,41532,Burnard,,,Mixels,Mixels,4.99
41533,41533,Globert,,,Mixels,Mixels,4.99
41534,41534,Vampos,,,Mixels,Mixels,4.99
41535,41535,Boogly,,,Mixels,Mixels,4.99
41536,41536,Gox,,,Mixels,Mixels,4.99
41537,41537,Jinky,,,Mixels,Mixels,4.99
41538,41538,Kamzo,,,Mixels,Mixels,4.99
41539,41539,Krog,,,Mixels,Mixels,4.99
41540,41540,Chilbo,,,Mixels,Mixels,4.99
41541,41541,Snoof,,,Mixels,Mixels,4.99
41542,41542,Spugg,,,Mixels,Mixels,4.99
41543,41543,Turg,,,Mixels,Mixels,4.99
41544,41544,Tungster,,,Mixels,Mixels,4.99
41545,41545,Kramm,,,Mixels,Mixels,4.99
41546,41546,Forx,,,Mixels,Mixels,4.99
41547,41547,Wuzzo,,,Mixels,Mixels,4.99
41548,41548,Dribbal,,,Mixels,Mixels,4.99
41549,41549,Gurggle,,,Mixels,Mixels,4.99
41550,41550,Slusho,,,Mixels,Mixels,4.99
41551,41551,Snax,,,Mixels,Mixels,4.99
41552,41552,Berp,,,Mixels,Mixels,4.99
41553,41553,Vaka-Waka,,,Mixels,Mixels,4.99
8867,8867,Flexible Train Track,,,LEGO Functions,LEGO Functions,29.99
70225,70225,Bladvic's Rumble Bear,,,Chima,Chima,44.99
70226,70226,Mammoth's Frozen Stronghold,,,Chima,Chima,69.99
70227,70227,King Crominus' Rescue,,,Chima,Chima,89.99
71009,71009,"LEGO® Minifigures, The Simpsons? Series",,,LEGO Minifigures,LEGO Minifigures,2.99
71010,71010,"LEGO® Minifigures, Series 14: Monsters",,,LEGO Minifigures,LEGO Minifigures,2.99
75097,75097,LEGO® Star Wars? Advent Calendar,,,Star Wars TM,Star Wars TM,32.99
76023,76023,The Tumbler,,,Super Heroes,Super Heroes,219.99
76039,76039,Ant-Man Final Battle,,,Super Heroes,Super Heroes,26.99
10604,10604,Jake and the Never Land Pirates Treasure,,,DUPLO Jake,DUPLO Jake,19.99
10602,10602,Camping Adventure,,,DUPLO Town,DUPLO Town,29.99
30202,30202,Smoothie Stand,,,Brick Based Promotions Themed,Brick Based Promotions Themed,3.99
30203,30203,Mini golf,,,Brick Based Promotions Themed,Brick Based Promotions Themed,3.99
30204,30204,Wish Fountain,,,Brick Based Promotions Themed,Brick Based Promotions Themed,3.99
30205,30205,Pop Star Red Carpet,,,Brick Based Promotions Themed,Brick Based Promotions Themed,3.99
30217,30217,LEGO® DUPLO® Forest,,,Brick Based Promotions Themed,Brick Based Promotions Themed,3.99
30218,30218,LEGO® DUPLO® Snail,,,Brick Based Promotions Themed,Brick Based Promotions Themed,3.99
30256,30256,Ice Bear Mech,,,Brick Based Promotions Themed,Brick Based Promotions Themed,3.99
30259,30259,Azari's Magic Fire,,,Brick Based Promotions Themed,Brick Based Promotions Themed,3.99
30272,30272,A-Wing Starfighter?,,,Brick Based Promotions Themed,Brick Based Promotions Themed,3.99
30274,30274,AT-DP?,,,Brick Based Promotions Themed,Brick Based Promotions Themed,3.99
30275,30275,TIE Advanced Prototype?,,,Brick Based Promotions Themed,Brick Based Promotions Themed,3.99
30276,30276,SW2,,,Brick Based Promotions Themed,Brick Based Promotions Themed,3.99
30283,30283,Off-Road,,,Brick Based Promotions Themed,Brick Based Promotions Themed,3.99
30284,30284,Tractor,,,Brick Based Promotions Themed,Brick Based Promotions Themed,3.99
30285,30285,Tiger,,,Brick Based Promotions Themed,Brick Based Promotions Themed,3.99
30286,30286,Christmas Tree,,,Brick Based Promotions Themed,Brick Based Promotions Themed,3.99
30291,30291,Anacondrai Battle Mech,,,Brick Based Promotions Themed,Brick Based Promotions Themed,3.99
30292,30292,Jay NanoMech,,,Brick Based Promotions Themed,Brick Based Promotions Themed,3.99
30293,30293,Kai Drifter,,,Brick Based Promotions Themed,Brick Based Promotions Themed,3.99
30294,30294,The Cowler Dragon,,,Brick Based Promotions Themed,Brick Based Promotions Themed,3.99
30303,30303,The Joker Bumper Car,,,Brick Based Promotions Themed,Brick Based Promotions Themed,3.99
30304,30304,Avengers #8,,,Brick Based Promotions Themed,Brick Based Promotions Themed,3.99
30305,30305,Spider-Man Super Jumper,,,Brick Based Promotions Themed,Brick Based Promotions Themed,3.99
30311,30311,Swamp Police Helicopter,,,Brick Based Promotions Themed,Brick Based Promotions Themed,3.99
30312,30312,Demolition Driller,,,Brick Based Promotions Themed,Brick Based Promotions Themed,3.99
30313,30313,Garbage Truck,,,Brick Based Promotions Themed,Brick Based Promotions Themed,3.99
30314,30314,Go-Kart Racer,,,Brick Based Promotions Themed,Brick Based Promotions Themed,3.99
30315,30315,Space Vehicle,,,Brick Based Promotions Themed,Brick Based Promotions Themed,3.99
30320,30320,PT IP B 2015 co pro,,,Brick Based Promotions Themed,Brick Based Promotions Themed,3.99
21109,21109,Exo Suit,,,LEGO Ideas,LEGO Ideas,34.99
21301,21301,Birds,,,LEGO Ideas,LEGO Ideas,49.99
