PIP,SKU,NB NAME,ALL NAME,,QNTY,COST
3445418,PM3445418, Alli 60mg Weight Loss Aid Capsules - 84, ALLI CAP 60MG (Glaxo SmithKline Consumer),84,1,"£29,10"
1130400,PM1130400, Almus Aspirin Tablets 300mg, Aspirin (plain) (ALMUS OTC), 300 mg tab,32,"£0,22"
1130392,PM1130392, Almus Aspirin Tablets Dispersible 300mg, Aspirin Dispersible (ALMUS OTC), 300 mg tab,32,"£0,29"
3290905,GS3290905, Alpecin After Shampoo Liquid - 200ml, ALPECIN AFTER SHAMPOO LIQUID (ACDOCO LTD), 200ML (1),1,"£4,80"
3290921,GS3290921, Alpecin Double Effect Shampoo - 200ml, ALPECIN DOUBLE EFFECT SHAMPOO (ACDOCO LTD), 200ML (1),1,"£4,80"
3370202,GS3370202, Ambre Solaire Bronzer Self-Tan Body Mist, AMBRE SOL NO STREK BRZ MST ORG (GARNIER), 150ML (1),1,"£7,01"
3429123,GS3429123, Ambre Solaire Medium Self-Tanning Dry Body Mist, AMBRE SOL NO STREAK NAT BRONZER (GARNIER), 150ML (1),1,"£7,01"
2490456,GS2490456, Anadin Original 16 Caplets, ANADIN CAPLETS (Wyeth Pharmaceuticals),16,1,"£1,19"
2637965,GS2637965, Andrews Original Salts, ANDREWS LIVER SALTS (ANDREWS) (Glaxo SmithKline Consumer), 250G (1),1,"£2,86"
3195989,GS3195989, Autan Cooling Insect Spray - 8ml, AUTAN SOOTHING INSCECT SPRY (S.C. JOHNSON LTD), 8ML (1),1,"£2,10"
3387990,GS3387990, Aveeno Cream 300ml, AVEENO CREAM (AVEENO CREAM) (JOHNSON&JOHNSON LTD.), 300ML (1),1,"£6,80"
22327,PM0022327, Avomine Sickness Tablets, Avomine  - Promethazine Teoclate (MANX  HEALTHCARE), 25 mg tab,10,"£1,13"
3593423,GS3593423, Bausch & Lomb Biotrue Multi-Purpose Contact Lens Solution 300ml, BIOTRUE LENSCARE (Bausch & Lomb), 300ML (1),1,"£5,86"
2229862,GS2229862, Bausch & Lomb Boston Cleaner Advance Formula 30ml, BOSTON ADVANCE CLEANER (Bausch & Lomb), 30ML (1),1,"£4,72"
2229870,GS2229870, Bausch & Lomb Boston Conditioning Solution Advance Comfort Formula 120ml, BOSTON ADVANCE CONDITIONING (Bausch & Lomb), 120ML (1),1,"£4,72"
3690179,GS3690179, Benadryl Allergy Liquid Release 10mg Capsules, BENADRYL ALLERGY LIQUID CAPS (BENADRYL ALLERGY LIQUID RELEASE 10MG CAPSULES (7S)) (JOHNSON&JOHNSON LTD.),7,1,"£2,91"
2461820,PM2461820, Benadryl Allergy Relief Capsules, BENADRYL ALLERGY RELIEF CAPS (JOHNSON&JOHNSON LTD.),24,1,"£4,76"
3698198,PM3698198, Benadryl For Children Allergy Solution, BENADRYL CHILDRENS 2+ SOLUTION (JOHNSON&JOHNSON LTD.), 100ML (1),1,"£3,15"
2735090,PM2735090, Benadryl Plus Capsules, BENADRYL ALLERGY+DECON CAPS (JOHNSON&JOHNSON LTD.),12,1,"£3,15"
3474715,PM3474715, Benylin Children's Chesty Coughs 6-12 Years 125ml, BENYLIN CHILD CHESTY (JOHNSON&JOHNSON LTD.), 125ML (1),1,"£2,29"
3803988,GS3803988, Biotene Fluoride Toothpaste, BIOTENE TOOTHPASTE (Glaxo SmithKline Consumer), 100ML (1),1,"£2,31"
202127,GS0202127, Blistex Daily Lip Conditioner - 7g, BLISTEX LIP CONDITIONER (DENDRON LTD), 7G (1),1,"£1,40"
3628880,SU3628880, Bodyform Maxi Dry Normal Liners - 18, BODYFORM MAXI NORMAL (SCA HYGIENE PAPER LTD),18,1,"£1,40"
2842979,GS2842979, Bonjela Teething Gel, BONJELA TEETHING GEL (Reckitt Benckiser ), 15G (1),1,"£2,26"
2756013,GS2756013, Calypso After Sun Lotion, CALYPSO AFTER SUN LOTION (LINCO CARE LTD), 500ML (1),1,"£2,77"
2756021,GS2756021, Calypso After Sun Lotion with Insect Repellent, CALYPSO A/SUN LOT+INSECT REPEL (LINCO CARE LTD), 500ML (1),1,"£3,05"
3793643,GS3793643, Camilia Infant Drops, CAMILIA TEETHING ORAL SOL 10 (BOIRON SA), 1ML (1),1,"£4,27"
35105,PM0035105, Canesten Cream (P) - 50g, CANESTEN CRM 1% (CLOTRIMAZOLE), 50G (1),1,"£3,50"
2652873,GS2652873, Care Cystitis Relief, CARE CYSTITIS RELIEF SACHETS (Thornton & Ross), 6 x 6,1,"£2,33"
1021369,GS1021369, Care+ Glycerin Suppositories, CARE GLYCERIN SUPPS ADULT (Thornton & Ross), 4G (12),1,"£1,27"
43141,GS0043141, Carnation Corn Caps, CARNATION CORN CAPS (ALLOGA - CEUTA),5,1,"£1,11"
43174,GS0043174, Carnation Corn Pads Oval, CARNATION CORN OVAL FELT PADS (ALLOGA - CEUTA),9,1,"£0,96"
3270543,GS3270543, Cetraben Emollient Cream - 150g, CETRABEN CREAM (SOFT WHITE PARAFFIN) (Thornton & Ross), 150G (1),1,"£3,98"
2764850,GS2764850, Clarityn Rapide Allergy, CLARITYN RAPIDE ALLERGY TABLETS,10,1,"£3,24"
384180,GS0384180, Clearasil Daily Clear Skin Perfecting Wash Sensitive 150ml, CLEARASIL STAY CLR WASH SENS (Reckitt Benckiser ), 150ML (1),1,"£1,97"
3686870,GS3686870, Clearasil Daily Clear Vitamins & Extracts 25 Cleansing Wipes, CLEARASIL DAILY VIT&EXT WIPES (Reckitt Benckiser ),25,1,"£2,26"
3686888,GS3686888, Clearasil Daily Clear Vitamins & Extracts Scrub 150ml, CLEARASIL DAILY VIT&EXT SCRUB (Reckitt Benckiser ), 150ML (1),1,"£3,23"
3054665,GS3054665, Clearasil Stayclear Deep Cleansing Toner - 200ml, CLEARASIL STAY CLR TONER (Reckitt Benckiser ), 200ML (1),1,"£2,63"
3121720,SU3121720, Clearasil Ultra Rapid Action Pads - 65, CLEARASIL ULTRA FACE PADS (Reckitt Benckiser ),65,1,"£3,69"
3062858,GS3062858, Clearblue Digital Ovulation Test - 10 Tests, CLEARBLUE OVULATION DIGITAL (Procter & Gamble ),10,1,"£11,83"
3729902,GS3729902, Clearblue Double-Check & Date Kit - 2 Tests, CLEARBLUE PREG CHECK & DATE (Procter & Gamble ),2,1,"£8,64"
1049279,GS1049279, Clotrimazole Cream 1% 20g, CLOTRIMAZOLE CREAM 1% GUK (MYLAN HOSPITALS), 20G (1),1,"£1,51"
3590197,GS3590197, Colgate Advanced Whitening Toothpaste - 100ml, COLGATE T/PST  WHITE & FRESH (COLGATE PALMOLIVE LTD), 100ML (1),1,"£0,73"
3684503,GS3684503, Colgate Total Advanced Toothpaste, COLGATE T/PST TOTAL ADV (COLGATE PALMOLIVE LTD), 125ML (1),1,"£2,23"
3625134,GS3625134, Colgate Triple Action Toothpaste, COLGATE T/PST TRIPLE ACTION (COLGATE PALMOLIVE LTD), 100ML (1),1,"£1,19"
2668721,GS2668721, Colief Infant Drops, COLIEF INFANT DROPS (FORUM HEALTH PRODUCTS LTD), 7ML (1),1,"£8,40"
376392,GS0376392, Colpermin IBS Relief Capsules, Colpermin  - Peppermint Oil Caps (JOHNSON&JOHNSON LTD.), 0.2 ml e/c caps (M/R),100,"£12,05"
3710118,GS3710118, Corsodyl Daily Gentle Tape, CORSODYL DAILY GENTLE TAPE (Glaxo SmithKline Consumer), 30M (1),1,"£1,46"
3793031,GS3793031, Corsodyl Daily Whitening Toothpaste 75ml, CORSODYL T/PST WHITENING (Glaxo SmithKline Consumer), 75ML (1),1,"£2,82"
3565991,GS3565991, Covonia Double Action Cough Lozenges Berry Blast - 51g, COVONIA LOZENGE BERRY BLAST (Thornton & Ross), 51G (1),1,"£1,01"
424226,PM0424226, Crampex Tablets - 48, CRAMPEX TAB (Thornton & Ross),48,1,"£4,59"
3168242,GS3168242, Cura-Heat Arthritis Pain For Knee Heat Pack - 4, CURA HEAT ARTHRITIS PAIN KNEE (ALLOGA - KOBAYSHI HEALTHCARELTD),4,1,"£3,09"
3223716,GS3223716, Cura-Heat Arthritis Pain Refill Heat Packs - 6, CURA HEAT ARTHRITIS PAIN REFIL (ALLOGA - KOBAYSHI HEALTHCARELTD),6,1,"£3,09"
3307774,GS3307774, Cura-Heat Neck & Shoulder Pain Heat Pack - 2, CURA HEAT NECK PAIN (ALLOGA - KOBAYSHI HEALTHCARELTD),2,1,"£2,78"
3130333,GS3130333, Cura-Heat Period Pain Heat Pack - 3, CURA HEAT PERIOD PAIN (ALLOGA - KOBAYSHI HEALTHCARELTD),3,1,"£2,47"
3534641,GS3534641, Daktarin Intensive Cream - 15g, DAKTARIN INTENSIVE CREAM& (JOHNSON&JOHNSON LTD.), 15ML (1),1,"£3,10"
3682218,GS3682218, Deep Heat Muscle Rescue Neck & Shoulder Cream 50g, DEEP HEAT NECK& SHOULDER CREAM (ALLOGA - THE MENTHOLATUM CO LTD), 50G (1),1,"£3,59"
3108131,GS3108131, Deep Heat Well Patch - 1, DEEP HEAT PATCH (ALLOGA - THE MENTHOLATUM CO LTD),1,1,"£1,32"
3029485,GS3029485, Dentinox Infant Colic Drops, DENTINOX COLIC DROPS SYRINGE (DENDRON LTD), 100ML (1),1,"£1,80"
2481034,PM2481034, Dispirin Aspirin Soluble Tablets - check this is correct product, DISPRIN (Reckitt Benckiser ),32,1,"£1,87"
3491057,PM3491057, Driclor Roll-On Anti-Perspirant - 75ml, DRICLOR (Glaxo SmithKline Consumer), 75ML (1),1,"£3,51"
2683985,GS2683985, Driclor Solution Roll On Applicator - 20ml, Driclor  - Aluminium Chloride Hexahydrate (Glaxo SmithKline Consumer), 20 % soln (roll on) (20ml unit),1,"£3,01"
3207925,GS3207925, Dulcoease Stool Softener, DULCOEASE STOOL SOFTENER (Boehringer),30,1,"£3,12"
435073,GS0435073, Dulcolax Pico Liquid - 300ml, DULCOLAX LIQUID (SODIUM PICOSULFATE 5MG/5ML) (Boehringer), 300ML (1),1,"£4,40"
291070,PM0291070, Duofilm - 15ml, Duofilm  - Salicylic Acid Paint (Glaxo SmithKline Consumer), 16.7 % paint (15ml with applicator),15,"£2,25"
3034113,GS3034113, E45 Junior Foaming Bath Milk - 500ml, E45 JUNIOR BATH (Reckitt Benckiser ), 500ML (1),1,"£3,42"
2879567,GS2879567, E45 Moisturising Hand Cream - 50ml, E45 HAND CREAM (Reckitt Benckiser ), 50ML (1),1,"£2,58"
2648996,PM2648996, Earcalm Spray - 5ml, EARCALM SPR (TEVA), 5ML (1),1,"£4,10"
3745130,SU3745130, Elastoplast Mixed Fabric & Washproof Plasters - 18, ELASTOPLAST MIXED PACK (Beiersdorf ),18,1,"£1,62"
3722097,GS3722097, Eucerin Calming Urea Scalp Treatment, EUCERIN SCALP TREATMENT (Beiersdorf ), 100ML (1),1,"£7,05"
2795383,GS2795383, Eucerin Dry Skin Relief Face Cream 5% Urea - 50ml, EUCERIN UREA FACE CRM 5% (Beiersdorf ), 50ML (1),1,"£6,36"
2343184,GS2343184, Eucerin Intensive 10% w/w Cutaneous Emulsion, EUCERIN INT DRY SKIN LOT 10% (Beiersdorf ), 250ML (1),1,"£7,93"
3360120,GS3360120, Eucerin Intensive 10% w/w Urea Treatment Cream, EUCERIN UREA CRM 10% (Beiersdorf ), 100ML (1),1,"£7,59"
3856515,GS3856515, Eucerin Sun Protection Sun Allergy Protection Sun Creme-Gel 50 High, EUCERIN SUN ALR PRT CR GEL F50 (Beiersdorf ), 150ML (1),1,"£11,31"
2946853,GS2946853, Fast Aid Essentials Family First Aid Kit, FASTAID FIRST AID KIT FAMILY (ROBINSONCARE),1,1,"£7,56"
3471711,GS3471711, Feminax Express Tablets - 16, FEMINAX EXPRESS,16,1,"£2,54"
237438,SU0237438, Fever Scan Forehead Thermometer, FEVERSCAN FOREHEAD THERMOMETER (ROBINSONCARE),1,1,"£2,18"
3007853,GS3007853, Flexitol Heel Balm, Flexitol  - Heel Balm (Thornton & Ross), 1 unit (112g),112,"£6,50"
3531753,PM3531753, Flomax Relief Capsules, FLOMAX RELIEF MR CAPSULES (Boehringer),28,1,"£10,55"
288241,GS0288241, Floradix Liquid Iron and Vitamin Formula 500ml, FLORADIX LIQUID IRON FORMULA (SALUS UK LTD), 500ML (1),1,"£8,94"
3567666,GS3567666, Freederm Deep Pore Cleansing Wipes - 25, FREEDERM DEEP PORE CLN/WIPES (DENDRON LTD),25,1,"£2,48"
3608262,GS3608262, Freederm Fast Track - 25g, FREEDERM FAST TRACK GEL (DENDRON LTD), 25G (1),1,"£3,89"
3313277,GS3313277, Freederm Gel - 10g, FREEDERM TREATMENT GEL (DENDRON LTD), 10G (1),1,"£3,10"
3501699,GS3501699, Freederm Sensitive Facial Wash - 150ml, FREEDERM SENSITIVE FACIAL WASH (DENDRON LTD), 150ML (1),1,"£3,72"
2150506,PM2150506, Fybogel Lemon Sachets - 30, Fybogel  - Ispaghula Husk Sachet (FORUM HEALTH PRODUCTS LTD), 3.5 g / sachet lemon,60,"£4,40"
2150498,PM2150498, Fybogel Natural Sachets - 30, Fybogel  - Ispaghula Husk Sachet (FORUM HEALTH PRODUCTS LTD), 3.5 g / sachet,60,"£4,40"
2150514,PM2150514, Fybogel Orange Sachets - 30, Fybogel  - Ispaghula Husk Sachet (FORUM HEALTH PRODUCTS LTD), 3.5 g / sachet orange,60,"£4,40"
3135548,GS3135548, Garnier Ambre Solaire Clear Protect+ High SPF30 Transparent Body Protection Spray, AMBRE SOL CLR PROT SPRY SPF30 (GARNIER), 200ML (1),1,"£10,98"
3596921,GS3596921, Garnier Ambre Solaire Clear Protect+ High SPF50 Transparent Body Protection Spray, AMBRE SOL CLR PROT SPRY SPF50+ (GARNIER), 200ML (1),1,"£11,16"
3429115,GS3429115, Garnier Ambre Solaire Clear Protect+ Medium SPF15 Transparent Body Protection Spray, AMBRE SOL CLR PROT SPRY SPF15 (GARNIER), 200ML (1),1,"£9,96"
3135522,GS3135522, Garnier Ambre Solaire Clear Protect+ Medium SPF20 Transparent Body Protection Spray, AMBRE SOL CLR PROT SPRY SPF20 (GARNIER), 200ML (1),1,"£10,65"
3681285,GS3681285, Garnier Ambre Solaire High SPF30 Protection Lotion Face & Body, AMBRE SOL MILK LOT SPF30 (GARNIER AMBRE SOLAIRE MILK MINI SPF30) (GARNIER), 50ML (1),1,"£4,26"
3780426,GS3780426, Garnier Ambre Solaire Kids Sensitive Advanced Very High 50+ SPF Spray, AMBRE SOL KIDS SENS SPRY SPF50 (GARNIER), 200ML (1),1,"£12,49"
3780442,GS3780442, Garnier Ambre Solaire Resisto Kids Spray SPF50, AMBRE SOL KIDS SWIM SPRY SPF50 (GARNIER), 200ML (1),1,"£11,06"
3207818,GS3207818, Garnier Ambre Solaire Sensitive Lotion SPF50+ 200ml, AMBRE SOL MILK SENS SPF50+ (GARNIER), 200ML (1),1,"£11,13"
2819985,PM2819985, Gaviscon Advance Peppermint Liquid - 500ml, GAVISCON ADV LIQ P/MINT (FORUM HEALTH PRODUCTS LTD), 500ML (1),1,"£5,12"
3092244,PM3092244, Gaviscon Advance Peppermint Tablets - 60, Gaviscon Advance  - Sodium Alginate Compound Suspn (FORUM HEALTH PRODUCTS LTD), 500 mg/tab (60tab peppermint),60,"£3,07"
219063,PM0219063, Gaviscon Infant Sachets - 30 Doses, GAVISCON INFANT PDR SACH DUAL (FORUM HEALTH PRODUCTS LTD), 2G (15),1,"£3,69"
299677,PM0299677, HC45 Hydrocortisone Cream, HC45 CREAM (Reckitt Benckiser ), 15G (1),1,"£2,58"
3174174,PM3174174, Hedrin 4% Lotion - 150ml, HEDRIN 4% LOTION (Thornton & Ross), 150ML (1),1,"£6,92"
3394814,PM3394814, Hedrin 4% Spray Lotion - 120ml, HEDRIN 4% LOTION SPRAY (Thornton & Ross), 120ML (1),1,"£7,13"
3630233,GS3630233, Hedrin Treat & Go Mousse - 100ml, HEDRIN TREAT & GO MOUSSE (Thornton & Ross), 100ML (1),1,"£7,57"
3630258,GS3630258, Hedrin Treat & Go Spray - 60ml, HEDRIN TREAT & GO SPRAY (Thornton & Ross), 60ML (1),1,"£4,66"
74492,GS0074492, Infacol - 50ml, INFACOL (SIMETHICONE) (TEVA), 50ML (1),1,"£2,71"
3578580,GS3578580, Jungle Formula Natural Roll On - 50ml, JUNGLE FORM ROLL ON NATURAL (Omega Pharma), 50ML (1),1,"£4,20"
345520,PM0345520, Lacri-Lube Ophthalmic Ointment - 5g, LACRI-LUBE OPTH E/OINT (WHITE PETROLATUM) (ALLERGAN LTD), 5G (1),1,"£3,32"
278465,GS0278465, Lanacane Cream - 60g, LANACANE MEDIC CRM (Reckitt Benckiser ), 60G (1),1,"£4,39"
2339224,GS2339224, Listerine Freshburst Mouthwash - 500ml, LISTERINE FRESHBURST (JOHNSON&JOHNSON LTD.), 500ML (1),1,"£2,56"
2618155,PM2618155, Lyclear Creme Rinse 2 x 59ml, LYCLEAR CRM RINSE TWIN (Omega Pharma), 59ML (2),1,"£6,46"
58552,PM0058552, Lyclear Creme Rinse 59ml, LYCLEAR CRM RINSE (Omega Pharma), 59ML (1),1,"£3,55"
3558079,GS3558079, Lyclear Spray & Comb (GSL) - 100ml, LYCLEAR SPRAY + COMB (Omega Pharma), 100ML (1),1,"£7,75"
178582,PM0178582, Migraleve Complete Migraine Relief Tablets - 24, MIGRALEVE COMPLETE TAB (JOHNSON&JOHNSON LTD.),24,1,"£5,16"
126417,PM0126417, Migraleve Double Action Pink Tablets - 24, MIGRALEVE TAB PINK (JOHNSON&JOHNSON LTD.),24,1,"£5,16"
3488459,PM3488459, Movelat Relief Cream - 125g, MOVELAT CREAM 125G (Thornton & Ross),1,1,"£7,19"
3488442,PM3488442, Movelat Relief Gel - 125g, MOVELAT GEL 125G (Thornton & Ross),1,1,"£7,19"
3768488,GS3768488, Murine Hayfever Eye Drops - 10ml, MURINE EYE DROPS HAYFEVER (ALLOGA - CEUTA), 10ML (1),1,"£2,91"
3657525,GS3657525, Murine Refresh & Soothe Eye Mist - 15ml, MURINE EYE MIST REFRESH&SOOTHE (ALLOGA - CEUTA), 15ML (1),1,"£5,82"
186767,GS0186767, Mycota Powder - 70g, MYCOTA FOOT POWDER (Thornton & Ross), 70G (1),1,"£2,71"
3425501,PM3425501, Nasacort Allergy Nasal Spray, NASACORT ALLERGY NASAL SPRAY (CORTICOSTEROID TRIAMCINOLONE ACETONIDE) (Sanofi-Aventis), 30DS (1),1,"£3,01"
3729134,GS3729134, Nivea Lip Butter Original - 16.7g, NIVEA LIP TIN ORIGINAL (Beiersdorf ), 16.7G (1),1,"£1,64"
3729100,GS3729100, Nivea Soft Rose Lip Balm - 4.8g, NIVEA LIP TIN RASPBERRY (Beiersdorf ), 16.7G (1),1,"£1,64"
2541134,GS2541134, Nivea Soothe & Protect Lip Balm - 4.8g, NIVEA LIP SOOTHE+PROTECT (Beiersdorf ), 4.8G (1),1,"£1,71"
443044,GS0443044, NIVEA SUN Moisturising After Sun Lotion, NIVEA SUN AFTERSUN ALOEVERA (Beiersdorf ), 200ML (1),1,"£3,47"
2367381,PM2367381, Nizoral Anti-Dandruff Shampoo (P) - 100ml, NIZORAL DANDRUFF SPOO (JOHNSON&JOHNSON LTD.), 100ML (1),1,"£5,41"
334482,PM0334482, Nurofen 200mg Tablets, NUROFEN TAB 200MG (Reckitt Benckiser ),96,1,"£7,20"
78980,PM0078980, Nurofen 200mg Tablets, NUROFEN TAB 200MG (Reckitt Benckiser ),48,1,"£4,36"
3395027,GS3395027, Nurofen Express Caplets - 16, NUROFEN EXPRESS CAPLETS 256MG (Reckitt Benckiser ),16,1,"£2,44"
3681947,GS3681947, Nurofen Express Period Pain Soft Capsules - 16, NUROFEN EXPRESS PERIOD PAIN (NUROFEN PERIOD PAIN SOFT CAPS) (Reckitt Benckiser ),16,1,"£2,78"
3810728,GS3810728, Nurofen for Children Cold -  Pain and Fever Orange Flavour 3 Ms to 9 Years 100ml, NUROFEN FOR CHILD COLD ORANGE (Reckitt Benckiser ), 100ML (1),1,"£2,58"
3810736,GS3810736, Nurofen for Children Cold -  Pain and Fever Strawb Flavour 3 Mths to 9 Years 100, NUROFEN FOR CHILD COLD STRAWB (Reckitt Benckiser ), 100ML (1),1,"£2,58"
3168903,GS3168903, Nurofen Tension Headache Caplets - 12, NUROFEN TENSION HEADACHE (Reckitt Benckiser ),12,1,"£2,09"
3824620,PM3824620, Nytol One-A-Night 20 Tablets, NYTOL ONE A NIGHT 50MG (Omega Pharma),20,1,"£3,87"
3824752,PM3824752, Nytol Original 25mg Tablets - 20, NYTOL ORIGINAL 25MG (Omega Pharma),20,1,"£2,58"
2819696,GS2819696, Odaban Anti-Perspirant Spray, ODABAN SPR (MDM HEALTHCARE LTD), 30ML (1),1,"£5,73"
3515681,GS3515681, Odour-Eaters Sport Foot & Shoe Spray - 150ml, ODOREATERS SPRT FOOT&SHOE SPRY (DENDRON LTD), 150ML (1),1,"£2,67"
2815611,GS2815611, Oilatum Cream Pump - 500ml, Oilatum  - Emollient Cream (Glaxo SmithKline Consumer), 1 unit (500ml liquid),500,"£4,99"
3861424,GS3861424, Oilatum Daily Junior Lotion, OILATUM LOTION JUNIOR (Glaxo SmithKline Consumer), 200ML (1),1,"£3,64"
2410686,GS2410686, Oilatum Junior Bath Formula, OILATUM  BATH FORMULA JUNIOR (Glaxo SmithKline Consumer), 300ML (1),1,"£5,10"
2982320,GS2982320, Oilatum Natural Repair Face Cream - 50g, Oilatum  - Natural Repair Cream (Glaxo SmithKline Consumer), 1 unit (50g) Face cream,50,"£4,81"
3261054,GS3261054, Oilatum Scalp Intensive Treatment Shampoo, OILATUM SCALP INTENSIVE  SPOO (Glaxo SmithKline Consumer), 100ML (1),1,"£6,21"
3261047,GS3261047, Oilatum Scalp Treatment Shampoo, OILATUM ANTI/DAND TREATMT SPOO (Glaxo SmithKline Consumer), 150ML (1),1,"£7,76"
2723666,GS2723666, Oilatum Scalp Treatment Shampoo, OILATUM ANTI/DAND TREATMT SPOO (Glaxo SmithKline Consumer), 100ML (1),1,"£5,58"
152868,GS0152868, Oilatum Soap Bar - 100g, Oilatum  - Emollient Soap (Glaxo SmithKline Consumer), 1 unit (100g),100,"£2,18"
3777422,GS3777422, Optrex ActiMist 2 in 1 Eye Spray for Itchy + Watery Eyes 10ml, OPTREX ACTIMIST 2IN1 ITCHY (Reckitt Benckiser ), 10ML (1),1,"£9,91"
3688439,GS3688439, Optrex ActiMist 2in1 Eye Spray for Tired + Uncomfortable Eyes 10ml, OPTREX ACTIMIST 2IN1 TIRED (Reckitt Benckiser ), 10ML (1),1,"£9,91"
3152709,PM3152709, Optrex Infected Eye Drops 10ml, OPTREXEYE DROPS INFECTED EYES (Reckitt Benckiser ), 10ML (1),1,"£3,75"
2052330,PM2052330, Otex Ear Drops 8ml, OTEX EARDROPS (DENDRON LTD), 8ML (1),1,"£2,89"
3125671,PM3125671, Ovex Suspension Banana Flavoured Family Pack, OVEX SUSPENSION 100MG/5ML (JOHNSON&JOHNSON LTD.), 30ML (1),1,"£5,75"
3715885,GS3715885, Panadol Period Pain 500mg/65mg Tablets 14 Tablets, PANADOL PERIOD PAIN (Glaxo SmithKline Consumer),14,1,"£1,61"
986877,PM0986877, Panadol Ultra Tablets - 20, PANADOL ULTRA TAB (Glaxo SmithKline Consumer),20,1,"£2,61"
3441383,SU3441383, Periproducts Denti-Brush 30 Wire-Free Interdental Brushes, DENTI BRUSH (PERIPRODUCTS LTD),30,1,"£2,44"
216671,PM0216671, Phenergan 10mg Tablets - 56, Phenergan  - Promethazine (SANOFI UK), 10 mg tab,56,"£2,96"
216697,PM0216697, Phenergan 25mg Tablets - 56, Phenergan  - Promethazine (SANOFI UK), 25 mg tab,56,"£4,65"
3590320,GS3590320, Pirinase Allergy Nasal Spray, PIRINASE ALLERGY NASAL SPRAY (Glaxo SmithKline Consumer),60,1,"£4,59"
3017993,GS3017993, Piriteze Spray, PIRITEZE SYRUP (Glaxo SmithKline Consumer), 70ML (1),1,"£3,09"
3771789,GS3771789, Piz Buin After Sun Soothing & Cooling Moisturising Lotion, PIZ BUIN SOOTH COOL MOIST LOT (JOHNSON&JOHNSON LTD.), 200ML (1),1,"£5,95"
3564234,GS3564234, Piz Buin Allergy Spray SPF 50 High, PIZ BUIN ALLERGY SPRAY SPF50+ (JOHNSON&JOHNSON LTD.), 200ML (1),1,"£10,12"
2268969,GS2268969, Piz Buin Allergy Sun Sensitive Skin Lotion 15 SPF Medium, PIZ BUIN ALLERGY LOT SPF15 (JOHNSON&JOHNSON LTD.), 200ML (1),1,"£8,34"
3378379,GS3378379, Piz Buin Allergy Sun Sensitive Skin Lotion 50+ SPF Very High, PIZ BUIN ALLERGY LOT SPF50 (JOHNSON&JOHNSON LTD.), 200ML (1),1,"£9,53"
3564242,GS3564242, Piz Buin Allergy Sun Sensitive Skin Spray 30 SPF High, PIZ BUIN ALLERGY SPRAY SPF 30 (JOHNSON&JOHNSON LTD.), 200ML (1),1,"£9,53"
3137130,GS3137130, Preparation H?Clear Gel - 50g, PREPARATION H COOLING GEL (Wyeth Pharmaceuticals), 50G (1),1,"£3,50"
20602,PM0020602, Quinoderm Dual Action 5 Cream - 50g, QUINODERM 5 CRM (ALLIANCE PHARMA LTD), 50G (1),1,"£2,43"
232181,GS0232181, Radian B Muscle Rub - 100g, RADIAN B MUSCLE RUB (Thornton & Ross), 100G (1),1,"£2,36"
2397313,GS2397313, Radian B Pump Action Spray, RADIAN B (Thornton & Ross), 100ML (1),1,"£1,78"
3583408,GS3583408, Regaine for Men Extra Strength Foam - Single Pack, REGAINE FOR MEN FOAM (JOHNSON&JOHNSON LTD.), 73ML (1),1,"£21,84"
2550416,GS2550416, Regaine for Men Extra Strength Foam - Triple Pack, REGAINE FOR MEN TRIPLE (JOHNSON&JOHNSON LTD.), 60ML (3),1,"£39,71"
2847309,GS2847309, Regaine for Women Regular Strength, REGAINE FOR WOMEN (JOHNSON&JOHNSON LTD.), 60ML (1),1,"£14,16"
3741915,GS3741915, Riemann P20 Once a Day Sun Protection Spray SPF 15 Medium, RIEMANNS P20 SPF15 (GODREJ CONSUMER PRODUCTS), 200ML (1),1,"£14,47"
3741899,GS3741899, Riemann P20 Once a Day Sun Protection Spray SPF 50+ Very High, RIEMANNS P20 SPF50+ (GODREJ CONSUMER PRODUCTS), 200ML (1),1,"£14,47"
3741907,GS3741907, Riemann P20 Sun Lotion  SPF30 - 200ml, RIEMANNS P20 SPF30 (GODREJ CONSUMER PRODUCTS), 200ML (1),1,"£14,47"
3542016,GS3542016, Sally Hansen Airbrush Legs Light Glow, SALLY HANSEN ARBRSH LEGS LIGHT (RIMMEL INTERNATIONAL LTD),1,1,"£6,49"
3090180,GS3090180, Sally Hansen Airbrush Legs Medium Glow, SALLY HANSEN ARBRSH LEGS MED (RIMMEL INTERNATIONAL LTD), 75ML (1),1,"£6,49"
3699915,SU3699915, Scholl Dry Skin Daily Moisturiser - 60ml, SCHOLL DAILY MOISTURISER (Reckitt Benckiser ), 60ML (1),1,"£2,90"
3063567,SU3063567, Scholl Gel Arch Supports - Size 4 - 6, SCHOLL ADJUST GEL ARCH SUP 4-5 (Reckitt Benckiser ),1,1,"£8,73"
3063583,SU3063583, Scholl Gel Arch Supports - Size 8 - 10, SCHOLL ADJUST GEL ARCH SUP 8-9 (Reckitt Benckiser ),1,1,"£8,73"
3773793,SU3773793, Scholl Hard Skin & Callus Express Liquid Treatment - 50ml, SCHOLL HARD SKIN XPRS TRTMNT (Reckitt Benckiser ), 50ML (1),1,"£7,75"
3793908,SU3793908, Scholl Seal & Heal Verruca Removal Gel - 10ml, SCHOLL VERRUCA SEAL&HEAL GEL (Reckitt Benckiser ), 10ML (1),1,"£3,88"
83345,GS0083345, Seaband Nausea Relief Adult Wrist Band - Grey, SEA-BAND GREY (Dendron),1,1,"£4,78"
2467322,GS2467322, Seaband Wrist Band for Children, SEA-BAND FOR CHILDREN (Dendron),1,1,"£4,78"
2407708,GS2407708, Sebamed Anti-Dandruff Shampoo, SEBAMED SPOO ANTI DANDRUFF (PASANTE HEALTHCARE LTD), 200ML (1),1,"£3,31"
3206232,GS3206232, Sebamed Baby Cleansing Bar - 100g, SEBAMED BABY CLEANSING BAR (PASANTE HEALTHCARE LTD), 100G (1),1,"£1,97"
3206257,GS3206257, Sebamed Baby Cream Extra Soft - 50ml, SEBAMED BABY CRM EXT SOFT (PASANTE HEALTHCARE LTD), 50ML (1),1,"£1,91"
881714,GS0881714, Sebamed Cleansing Bar, SEBAMED CLEANSING BAR (PASANTE HEALTHCARE LTD), 150G (1),1,"£2,47"
3513660,GS3513660, Sebamed Cleansing Bar - 100g, SEBAMED CLR FACE CLEANS BAR (PASANTE HEALTHCARE LTD), 100G (1),1,"£2,69"
3247384,GS3247384, Sebamed Clear Face Antibacterial Cleansing Foam - 150ml, SEBAMED CLR FACE CLEANSE FOAM (PASANTE HEALTHCARE LTD), 150ML (1),1,"£4,94"
2407716,GS2407716, Sebamed Everyday Shampoo, SEBAMED SPOO EVERYDAY (PASANTE HEALTHCARE LTD), 200ML (1),1,"£3,32"
3169638,GS3169638, Sebamed Liquid Face and Body Wash, SEBAMED LIQ FACE & BODY WASH 1LT (PASANTE HEALTHCARE LTD), 1000ML (1),1,"£12,49"
448571,GS0448571, Selsun Shampoo 2.5% w/v - 150ml, SELSUN SPOO (Sanofi-Aventis), 150ML (1),1,"£3,06"
257527,PM0257527, Senokot Syrup - 500ml, SENOKOT SYRUP (FORUM HEALTH PRODUCTS LTD), 500ML (1),1,"£2,69"
3553203,GS3553203, Sterimar Baby Nasal Hygiene Spray - 100ml, STERIMAR BABY (CHURCH & DWIGHT UK LTD.), 50ML (1),1,"£2,84"
3356276,GS3356276, Sterimar Congestion Relief Hypertonic Spray - 100ml, STERIMAR HYPERTONIC CONGEST REL (CHURCH & DWIGHT UK LTD.), 100ML (1),1,"£4,80"
2436996,GS2436996, Sterimar Nasal Hygiene Isotonic Spray - 100ml, STERIMAR ISOTONIC NASAL SPRAY (CHURCH & DWIGHT UK LTD.), 100ML (1),1,"£4,48"
2861292,GS2861292, Stiefel Oilatum Gel 150g, Oilatum Gel  - Emollient Gel (Glaxo SmithKline Consumer), 1 unit (150ml),150,"£5,15"
3400561,GS3400561, Stiefel Oilatum Shower Gel 150g, OILATUM SHOWER GEL FRAG FREE (Glaxo SmithKline Consumer), 150G (1),1,"£5,15"
2852572,SU2852572, TENA Flex Super Large Pants - 30, TENA FLEX SUPER LARGE (SCA HYGIENE PAPER LTD),30,1,"£13,93"
161208,GS0161208, Triple Dry Advanced Protection Anti-Perspirant Quick Dry Roll-On, TRIPLE DRY ROLL-ON (ROBINSON YOUNG), 50ML (1),1,"£4,60"
3360260,GS3360260, Triple Dry Men Advanced Protection Anti-Perspirant, TRIPLE DRY 72HR ACTV MENS APD (ROBINSON YOUNG), 150ML (1),1,"£3,28"
3554789,GS3554789, Triple Dry Men Advanced Protection Anti-Perspirant Quick Dry Roll-On, TRIPLE DRY 72HR MENS AP ROLL ON (LORNAMEAD UK LTD), 50ML (1),1,"£4,60"
996397,GS0996397, Triple Dry Unfragranced 72hrs Advanced Protection Anti-Perspirant, TRIPLE DRY ANTIP SPRAY UNFRAG (ROBINSON YOUNG), 150ML (1),1,"£3,28"
17855,GS0017855, Ultra Chloraseptic Original Throat Spray - 15ml, ULTRA CHLORASEPTIC SPR MENTHOL (ALLOGA - CEUTA), 15ML (1),1,"£3,21"
3234176,PM3234176, Ultramol Soluble Tablets, ULTRAMOL SOLUBLE (Sanofi-Aventis),32,1,"£2,87"
128124,GS0128124, Vagisil Moisture Shield Intimate Feminine Powder - 100g, VAGISIL POWDER (ALLOGA - CEUTA), 100G (1),1,"£2,96"
3804366,GS3804366, Vagisil Odour Shield Intimate Wash - 250ml, VAGISIL ODOUR SHIELD WASH (ALLOGA - CEUTA), 250ML (1),1,"£3,21"
2859643,PM2859643, Veganin Tablets - 30, VEGANIN TAB (Omega Pharma),30,1,"£3,06"
3404928,SU3404928, Wisdom Clean Between Brushes, WISDOM INTERDENTAL (WISDOM TOOTHBRUSHES),1,1,"£1,36"
3477528,SU3477528, Wisdom Clean Between Flossers, WISDOM CLEAN BETWEEN FLOSSERS (WISDOM TOOTHBRUSHES),1,1,"£0,80"
3224912,SU3224912, Wisdom Dental Floss, WISDOM DENTAL FLOSS 100M (WISDOM TOOTHBRUSHES),1,1,"£0,85"
3224938,SU3224938, Wisdom Dental Sticks, WISDOM DENTAL STICKS (WISDOM TOOTHBRUSHES),100,1,"£1,00"
2729879,GS2729879, Witch Blemish Gel 35ml, WITCH CLEAR PORE GEL (ROBINSON YOUNG), 35ML (1),1,"£2,43"
2796134,GS2796134, Witch Cleansing and Toning Wipes - 25 Pack, WITCH FACIAL CLEANS&TONE WIPES (ROBINSON YOUNG),25,1,"£2,30"
2729846,GS2729846, Witch Foaming Face Wash 150ml, WITCH FOAMING FACE WASH (ROBINSON YOUNG), 150ML (1),1,"£2,71"
311639,GS0311639, Woodwards Gripe Water, WOODWARDS GRIPE WATER (Reckitt Benckiser ), 150ML (1),1,"£1,93"
447771,PM0447771, Zirtek Allergy Relief Tablets, ZIRTEK ALLERGY TABLETS (UCB Pharma),30,1,"£8,12"
3721669,SU3721669, BILLY BOY Dotted Condoms, N/A, N/A, N/A,"£6,78"
3721685,SU3721685, BILLY BOY Endurance Condoms, N/A, N/A, N/A,"£6,78"
3721719,SU3721719, BILLY BOY Extra Thin Condoms, N/A, N/A, N/A,"£6,78"
3721651,SU3721651, BILLY BOY Fun Selection Condoms, N/A, N/A, N/A,"£6,78"
3721693,SU3721693, BILLY BOY Protection Condoms, N/A, N/A, N/A,"£6,78"
3721727,SU3721727, BILLY BOY White Condoms, N/A, N/A, N/A,"£6,78"
3685377,GS3685377, Blistex Intensive Multi Action Moisturising Hand Cream, N/A, N/A, N/A,"£2,25"
2614774,GS2614774, Cuticura Intensive Hand Cream, N/A, N/A, N/A,"£1,02"
8093130,GS8093130, Dermatol Natural Sports Spray, N/A, N/A, N/A,"£2,11"
6831119,SU6831119, Dettol Anti-Bacterial Multi-Purpose Wipes, N/A, N/A, N/A,"£9,63"
2933315,GS2933315, Dove Essential Nourishment Hand Cream, N/A, N/A, N/A,"£1,84"
3430063,GS3430063, Dove Intensive Nourishment Hand Cream, N/A, N/A, N/A,"£1,84"
3247574,GS3247574, Dove Pro-Age Anti-Perspirant Deodorant, N/A, N/A, N/A,"£2,02"
3247517,GS3247517, Dove Pro-Age Body Wash, N/A, N/A, N/A,"£2,03"
2933869,GS2933869, Dove Regenerating Nourishment Hand Cream, N/A, N/A, N/A,"£1,84"
3857026,SU3857026, Durex Excite Me Condoms, N/A, N/A, N/A,"£6,56"
3857109,SU3857109, Durex Mutual Climax Condoms, N/A, N/A, N/A,"£9,71"
3813987,SU3813987, Durex Play Feel Intimate Lube, N/A, N/A, N/A,"£3,84"
3152345,SU3152345, Durex Play Tingle Lube, N/A, N/A, N/A,"£3,16"
3587573,GS3587573, GALPHARM ENTERIC COAT ASPIRIN, N/A, N/A, N/A,"£0,32"
2875524,GS2875524, Nurofen for Children Singles Orange - 16, N/A, N/A, N/A,"£3,59"
203133,GS0203133, Oraldene Mouthwash - 200ml, N/A, N/A, N/A,"£2,22"
3671310,GS3671310, Pearl Drops Pro-White, N/A, N/A, N/A,"£2,54"
3693199,SU3693199, Pearl Drops Smokers Toothbrush, N/A, N/A, N/A,"£0,73"
2605376,GS2605376, Perspirex Anti-perspirant Roll-On - 25ml, N/A, N/A, N/A,"£4,36"
3852795,SU3852795, PLUGGERZ EARPLUG SLEEP, N/A, N/A, N/A,"£5,54"
3853215,SU3853215, PLUGGERZ EARPLUG SWIM, N/A, N/A, N/A,"£5,54"
3853181,SU3853181, PLUGGERZ EARPLUG TRAVEL KIDS, N/A, N/A, N/A,"£5,54"
3583416,PM3583416, Regaine for Men Extra Strength Scalp Foam - Triple Pack, N/A, N/A, N/A,"£43,69"
3289931,SU3289931, RepHresh Vaginal Gel, N/A, N/A, N/A,"£8,64"
2553378,GS2553378, Savlon Antiseptic Cream - 100g, N/A, N/A, N/A,"£2,65"
3773462,SU3773462, Scholl Express Pedi 2 Replacement Rollers, N/A, N/A, N/A,"£8,08"
978684,GS0978684, SETLERS PEPPERMINT, N/A, N/A, N/A,"£1,40"
2035590,GS2035590, Steradent Pro Extra Strength 30 Tablets, N/A, N/A, N/A,"£1,09"
3654498,GS3654498, Strepsils Warm Lozenges - 24, N/A, N/A, N/A,"£2,65"
3570710,PM3570710, Sudafed Dry Coughs with Decongestant Liquid - 100ml, N/A, N/A, N/A,"£2,50"
3687357,GS3687357, Sudocrem Baby Moisturising Mousse, N/A, N/A, N/A,"£5,47"
2167831,GS2167831, TOTALCARE DAILY CLEANER, N/A, N/A, N/A,"£4,42"
3655347,PM3655347, Voltarol Pain-eze 25mg Extra Strength Tablets, N/A, N/A, N/A,"£4,20"
3722493,SU3722493, Wisdom Quantum Whitening Toothbrush, N/A, N/A, N/A,"£2,40"
3722329,GS3722329, Wisdom Step by Step Toothpaste 0-3 years, N/A, N/A, N/A,"£0,95"
3722337,GS3722337, Wisdom Step by Step Toothpaste 4+ years, N/A, N/A, N/A,"£0,95"
3591039,GS3591039, Witch Anti-Blemish Pressed Powder, N/A, N/A, N/A,"£3,24"
3591070,GS3591070, Witch Anti-Blemish Skin Clearing Primer, N/A, N/A, N/A,"£4,54"
2413789,GS2413789, Alka-Seltzer Original Effervescent Tablets - 20, ALKA SELTZER ORIGINAL,20,1,"£2,67"
8161630,PM8161630, ALMUS BECLOMETASONE AQ NAS SPR, BECLOMETASONE AQ NAS SPR (ALMUS OTC), 200DS (1),1,"£3,50"
2556512,GS2556512, Aloe Dent Triple Action Toothpaste, ALOE DENT T/PST TRIPLE ACTION (OPTIMA H & N TENDER), 100ML (1),1,"£2,27"
2728988,GS2728988, Aloe Dent Whitening Toothpaste, ALOE DENT T/PST  SENSITIVE (OPTIMA H & N TENDER), 100ML (1),1,"£2,27"
3254257,SU3254257, Alvita Mid Stream Pregnancy Test Kit, ALVITA  PREG TEST MID  STRM   TWIN (ALVITA H&B),2,1,"£2,89"
2717981,GS2717981, Anusol Cream - 43g, ANUSOL CREAM (JOHNSON&JOHNSON LTD.), 43G (1),1,"£3,50"
2483717,GS2483717, Autan Topical Pump Spray - 100ml, AUTAN TROPICAL PUMP SPRAY (S.C. JOHNSON LTD), 100ML (1),1,"£3,38"
3647609,GS3647609, Aveeno Body Wash Dry & Sens skin 500ml, AVEENO BODY WASH (JOHNSON&JOHNSON LTD.), 500ML (1),1,"£6,82"
3362209,GS3362209, Balance Activ Vaginal Gel, BALANCE ACTIV BV GEL (BBI Healthcare), 5ML (1),1,"£6,38"
3021060,GS3021060, Bausch & Lomb Renu Multi Purpose Solution Sensitive Eyes 500ml, BAUSCH&LOMB SALINE SENSITIVE EYES (Bausch & Lomb), 500ML (1),1,"£2,94"
2496289,GS2496289, Beechams Flu Plus Caplets - 16, BEECHAMS FLU+ CAPLETS (BEECHAMS) (Glaxo SmithKline Consumer),16,1,"£2,34"
3394285,PM3394285, Benylin Cold & Flu Day & Night Max Strength Capsules - 16, BENYLIN COLD&FLU DAY&NIGHT (JOHNSON&JOHNSON LTD.),16,1,"£2,41"
3394293,GS3394293, Benylin Dry Coughs Blackcurrant 150ml, BENYLIN DRY BLACKCURRANT (JOHNSON&JOHNSON LTD.), 150ML (1),1,"£2,81"
3467370,PM3467370, Benylin Mucus Cough Night 150ml, BENYLIN MUCUS NIGHT (JOHNSON&JOHNSON LTD.), 150ML (1),1,"£3,36"
3274651,GS3274651, Benylin Tickly Coughs Non-Drowsy Syrup - 150ml, BENYLIN TICKLY NON-DROWSY (JOHNSON&JOHNSON LTD.), 150ML (1),1,"£2,83"
31708,GS0031708, Bisodol Indigestion Relief Tabs, BISODOL TAB (TEVA),100,1,"£2,34"
202887,GS0202887, Blistex Intensive Moisturiser Hydrating Lip Cream - 5g, BLISTEX INTENSIVE MOIST (DENDRON LTD), 5G (1),1,"£1,40"
2705598,GS2705598, Breathe Right Nasal Large 10, BREATHE RIGHT N/STRIP CLR LG (BREATHE RIGHT) (Glaxo SmithKline Consumer),10,1,"£3,40"
2705580,GS2705580, Breathe Right Nasal Small/Med 10, BREATHE RIGHT N/STRIP CLR S/M (Glaxo SmithKline Consumer),10,1,"£3,40"
2391316,GS2391316, Breathe Right Tan Nasal Strips Small/Medium - 30, BREATHE RIGHT N/STRIP NAT S/M (Glaxo SmithKline Consumer),30,1,"£7,94"
3120383,GS3120383, Buscopan IBS Relief Tabs, BUSCOPAN IBS (Boehringer),20,1,"£2,64"
3590833,GS3590833, Calpol Infant Sugar Free Colour Free 120 mg/5 ml Oral Susp Strawb 2+ Mnth 100ml, CALPOL INFANT SUSP S/F C/F (JOHNSON&JOHNSON LTD.), 100ML (1),1,"£2,00"
3222536,PM3222536, Calpol Infant Suspension - 200ml, CALPOL INFANT SUSP ORIG (JOHNSON&JOHNSON LTD.), 200ML (1),1,"£3,35"
2811016,GS2811016, Canesten Cream Combi (Internal & External) Creams (GSL), CANESTEN CREAM COMBI,1,1,"£8,21"
2601425,PM2601425, Canesten Internal Cream 10% (P) - 5g, CANESTEN INTERNAL, 5G (1),1,"£6,22"
2918738,PM2918738, Canesten Oral Capsule 150mg, CANESTEN ORAL CAP 150MG,1,1,"£6,33"
3490216,GS3490216, CARE EPSOM SALTS, CARE EPSOM SALTS (Thornton & Ross), 300G (1),1,"£2,77"
2781888,SU2781888, CARNATION CUSHION INSOLES, CARNATION CUSHION INSOLES (ALLOGA - CEUTA), 1PR (1),1,"£1,91"
2673648,SU2673648, CARNATION PRES/REL INSOLES CTS, CARNATION PRES/REL INSOLES CTS (ALLOGA - CEUTA), 1PR (1),1,"£1,19"
3065885,GS3065885, Clearasil Ultra Rapid Action Treatment Cream 25ml, CLEARASIL ULTRA T/MENT CRM (Reckitt Benckiser ), 25ML (1),1,"£4,39"
3729902,GS3729902, Clearblue Pregnancy Test Double Check and Date kit, CLEARBLUE PREG CHECK & DATE (Procter & Gamble ),2,1,"£8,64"
3821147,SU3821147, Colgate 360o Max White One Toothbrush, COLGATE T/BR MAX WHITE 360 MED (COLGATE PALMOLIVE LTD),1,1,"£2,04"
3684594,GS3684594, Colgate Total Advanced Clean Toothpaste, COLGATE T/PASTE T/ADV CLN RRP (COLGATE PALMOLIVE LTD), 125ML (1),1,"£2,23"
3684560,GS3684560, Colgate Total Advanced Fresh Toothpaste, COLGATE T/PST TOTADV FRSH (COLGATE PALMOLIVE LTD), 125ML (1),1,"£2,23"
2501609,GS2501609, Compeed Blister on Toes, COMPEED B/TW TOE BLISTER PLAST (JOHNSON&JOHNSON LTD.),8,1,"£2,81"
30858,GS0030858, Compeed Blister Relief Small, COMPEED BLISHYDRO SM (JOHNSON&JOHNSON LTD.),6,1,"£2,78"
843698,GS0843698, Complan Vanilla Shake Sachets 55g - 4, COMPLAN SACH VANILLA (NUTRICIA LTD),4,1,"£2,98"
469247,PM0469247, Corsodyl 1 ww Dental Gel - 50g, CORSODYL 1% GEL (Glaxo SmithKline Consumer), 50G (1),1,"£1,26"
3712155,GS3712155, Corsodyl Daily Cool Mint Alcohol Free Mouthwash - 500ml, CORSODYL DAILY M/W C/MINT A/F (Glaxo SmithKline Consumer), 500ML (1),1,"£3,03"
2277028,GS2277028, Corsodyl Mint Mouthwash - 600ml, CORSODYL M/WASH MINT (Glaxo SmithKline Consumer), 600ML (1),1,"£4,76"
3772340,PM3772340, Covonia Dry Cough Sugar Free Formula 150ml, COVONIA DRY COUGH SUGAR FREE (Thornton & Ross), 150ML (1),1,"£2,91"
2144962,PM2144962, Cuprofen Maximum Strength Tablets - 48, CUPROFEN 400MG MAX (Reckitt Benckiser ),48,1,"£2,90"
2109775,GS2109775, Cuticura Mildly Medicated Bar Soap 100g, CUTICURA ANTIBAC SOAP (GODREJ CONSUMER PRODUCTS), 100G (1),1,"£1,02"
880476,GS0880476, Cuticura Mildly Medicated Talcum Powder - 150g, CUTICURA MEDICATED TALC (GODREJ CONSUMER PRODUCTS), 150G (1),1,"£1,83"
3429529,GS3429529, Deep Freeze Cold Spray 150ml, DEEP FREEZE COLD SPRAY (ALLOGA - THE MENTHOLATUM CO LTD), 150ML (1),1,"£2,34"
3194057,GS3194057, Deep heat patches - 4, DEEP HEAT PATCH (ALLOGA - THE MENTHOLATUM CO LTD),4,1,"£3,91"
2114890,GS2114890, Deep Relief Gel - 50g, DEEP RELIEF (ALLOGA - THE MENTHOLATUM CO LTD), 50G (1),1,"£3,39"
467647,GS0467647, Dettol Antiseptic Cream 30g, DETTOL ANTISEPTIC CREAM (Reckitt Benckiser ), 30G (1),1,"£1,41"
3247533,GS3247533, Dove Pro-Age Cream Oil, DOVE PRO AGE CREME OIL LOTION (UNILEVER LTD), 250ML (1),1,"£2,72"
3247509,GS3247509, Dove Pro-Age Nourishing Body Lotion, DOVE PRO AGE BODY LOTION (UNILEVER LTD), 250ML (1),1,"£2,72"
3290954,GS3290954, Dr Wolff Plantur 39 Phyto-Caffeine Shampoo for Coloured and Stressed Hair, PLANTUR 39 SPOO COLOURED HAIR (ACDOCO LTD), 250ML (1),1,"£6,18"
3290939,GS3290939, Dr Wolff Plantur 39 Phyto-Caffeine Shampoo for Fine or Brittle Hair, PLANTUR 39 SPOO FINE HAIR (ACDOCO LTD), 250ML (1),1,"£6,18"
3290962,GS3290962, Dr Wolff Plantur 39 Phyto-Caffeine Tonic, PLANTUR 39 CAFFEINE TONIC (ACDOCO LTD), 200ML (1),1,"£6,18"
2114304,GS2114304, Drapolene Antiseptic Cream 350g, DRAPOLENE CRM (SUPRA ENTERPRISES LTD), 350G (1),1,"£4,28"
3668829,SU3668829, Durex Close Feel Condoms, DUREX CLOSE FEEL (Reckitt Benckiser ),10,1,"£5,71"
3836665,SU3836665, Durex Embrace Pleasure Gels, DUREX LUBE EMBRACE (Reckitt Benckiser ), 60ML (2),1,"£9,70"
3941176,SU3941176, Durex Play Aloe Vera Lube, DUREX LUBE ALOE VERA (Reckitt Benckiser ), 50ML (1),1,"£3,16"
3571544,SU3571544, Durex Play Massage 2in1 Sensual, DUREX GEL PLAY 2IN1 SENSUAL (Reckitt Benckiser ), 200ML (1),1,"£4,63"
3136116,SU3136116, Durex Play Vibrations, DUREX PLAY VIBE RING (Reckitt Benckiser ),1,1,"£3,23"
3136108,SU3136108, Durex Play Warming Lube, DUREX LUBE PLAY WARMING (Reckitt Benckiser ), 60ML (1),1,"£3,16"
8418204,SU8418204, Durex Sensilube Intimate Moisturising Gel, BAG BOOTS BAG STANDARD DISPENS (BUNZL RETAIL SUPPLIES LTD),1000,1,"£3,36"
2132850,GS2132850, E45 Cream Pump Pack - 500g, E45 MOISTURISING LOT (FORUM HEALTH PRODUCTS LTD), 500ML (1),1,"£4,75"
2380053,GS2380053, E45 Emollient Bath Oil - 500ml, E45 BATH OIL (FORUM HEALTH PRODUCTS LTD), 500ML (1),1,"£5,11"
2731412,GS2731412, E45 Emollient Shower Cream - 200ml, E45 SHOWER CREAM (Reckitt Benckiser ), 200ML (1),1,"£3,38"
2853331,GS2853331, E45 Itch Relief Cream - 500g, E45 ITCH RELIEF CREAM (FORUM HEALTH PRODUCTS LTD), 500G (1),1,"£14,99"
163386,GS0163386, Eludril Mouthwash - 500ml, ELUDRIL M/WASH (PIERRE FABRE LTD), 500ML (1),1,"£5,27"
3470663,GS3470663, Eucerin Dry Skin Intensive Hand Cream, EUCERIN UREA HAND CRM 5% (Beiersdorf ), 75ML (1),1,"£5,08"
2343184,GS2343184, Eucerin Intensive 10% w/w Cutaneous Emulsion, EUCERIN INT DRY SKIN LOT 10% (Beiersdorf ), 250ML (1),1,"£7,93"
3360120,GS3360120, Eucerin Intensive 10% w/w Urea Treatment Cream, EUCERIN UREA CRM 10% (Beiersdorf ), 100ML (1),1,"£7,59"
2422558,GS2422558, Exorex Cream - 100g, EXOREX CRM (TEVA), 100G (1),1,"£3,86"
2422525,GS2422525, Exorex Lotion - 100ml, EXOREX LOTION (TEVA), 100ML (1),1,"£8,11"
2422533,GS2422533, Exorex Lotion - 250ml, EXOREX LOTION (TEVA), 250ML (1),1,"£16,24"
2950251,GS2950251, Fast Aid Essentials Travel First Aid Kit, FASTAID FIRST AID KIT TRAVEL (ROBINSONCARE),1,1,"£3,77"
3604378,GS3604378, Femfresh Daily Intimate Wash 250ml, FEMFRESH INTIMATE WASH (CHURCH & DWIGHT UK LTD.), 250ML (1),1,"£1,99"
3604394,GS3604394, Femfresh Intimate Hygiene 25 Large Feminine Freshness Wipes, FEMFRESH WIPES (CHURCH & DWIGHT UK LTD.),25,1,"£1,99"
3234523,PM3234523, Fenistil Cold Sore Cream 2g, FENISTIL COLD SORE CRM (Omega Pharma), 2G (1),1,"£3,70"
172098,SU0172098, First Response Early Result Pregnancy Test, FIRST RESPONSE ONE STEP TWIN (CHURCH & DWIGHT UK LTD.),2,1,"£6,86"
3395951,GS3395951, Freederm Exoliating Facial Wash - 150ml, FREEDERM EXFOLIATING WASH (DENDRON LTD), 150ML (1),1,"£3,72"
3105145,PM3105145, Freederm Gel - 25g, FREEDERM (DENDRON LTD), 25G (1),1,"£5,56"
3661337,GS3661337, GALPHARM NRT LOZENGES 2MG, GALPHARM NRT LOZENGES 2MG (WRAFTON LABORATORIES LTD T/APERRIGO),36,1,"£2,44"
3661345,GS3661345, GALPHARM NRT LOZENGES 4MG, GALPHARM NRT LOZENGES 4MG (WRAFTON LABORATORIES LTD T/APERRIGO),36,1,"£2,44"
2922839,PM2922839, Gaviscon Aniseed Advance 300ml, GAVISCON ADV LIQ ANISEED (Reckitt Benckiser ), 300ML (1),1,"£5,82"
3229598,GS3229598, Gaviscon Double Action Tablets - 32, GAVISCON DOUB TABS (Reckitt Benckiser ),32,1,"£3,68"
3467172,GS3467172, Hedrin Once Spray Gel - 100ml, HEDRIN ONCE 4% SPRAY GEL (HEDRIN FOR THE TREATMENT OF HEAD LICE) (Thornton & Ross), 100ML (1),1,"£6,83"
2253839,PM2253839, Imodium Classic Caps 18, IMODIUM CAP 2MG (JOHNSON&JOHNSON LTD.),18,1,"£1,88"
2894947,SU2894947, Jungle Formula Plug In - 2, JUNGLE FORM PLUG IN (Omega Pharma),1,1,"£6,46"
3566148,GS3566148, Kalms Night Tablets, KALMS SLEEP ONE A NIGHT (G.R.LANE HEALTH PRODUCTS LTD.),21,1,"£2,83"
234245,GS0234245, Kalms Tablets, KALMS TAB (G.R.LANE HEALTH PRODUCTS LTD.),200,1,"£4,61"
3578564,GS3578564, Lactacyd Femina Daily Protective Wash, LACTACYD FEMININE WASH (Omega Pharma), 200ML (1),1,"£3,13"
2988350,PM2988350, Lamisil AT 1% Gel - 15g, LAMISIL AT GEL 1% (Glaxo SmithKline Consumer), 15G (1),1,"£3,58"
3397023,GS3397023, Lemsip Max All in One Liquid, LEMSIP MAX AIO LIQUID (Reckitt Benckiser ), 160ML (1),1,"£3,95"
3808318,GS3808318, Lemsip Max Honey & Ginger Flavour Fusions - 10, LEMSIP MAX FUSION HONEY & GINGER (Reckitt Benckiser ),10,1,"£3,55"
126417,PM0126417, Migraleve Double Action Pink Tabs 24, MIGRALEVE TAB PINK (JOHNSON&JOHNSON LTD.),24,1,"£5,16"
3258084,GS3258084, Murine Drops Bright & Moist Eyes - 15ml, MURINE EYE DROPS BRIGHT&MOIST (ALLOGA - CEUTA), 15ML (1),1,"£2,37"
186098,PM0186098, Murine Irritation & Redness Relief Eye Drops (P) - 10ml, MURINE EYE DROPS (ALLOGA - CEUTA), 10ML (1),1,"£2,13"
3851847,GS3851847, Neutrogena Norwegian Formula Nourishing Hand Cream with Nordic Berry, NEUTROGENA N/F H/CRM NORD BRRY (JOHNSON&JOHNSON LTD.), 75ML (1),1,"£2,56"
3711298,GS3711298, NICORETTE COOL LOZ MINT 2MG, NICORETTE COOL LOZ MINT 2MG (JOHNSON&JOHNSON LTD.),80,1,"£11,48"
3711306,GS3711306, NICORETTE COOL LOZ MINT 4MG, NICORETTE COOL LOZ MINT 4MG (JOHNSON&JOHNSON LTD.),80,1,"£11,48"
3224078,GS3224078, Nicorette Microtab Original 2mg Nicotine 100 Sublingual Tablets, NICORETTE MICRO TAB (JOHNSON&JOHNSON LTD.),100,1,"£13,12"
3598372,GS3598372, Nicorette QuickMist Duo Mouthspray - 13.2ml x 2, NICORETTE QUICKMIST DUO (JOHNSON&JOHNSON LTD.), 13.2ML (2),1,"£19,14"
2728020,GS2728020, NiQuitin Clear 21mg 24 Hour Step 1 14 Patches, NIQUITIN PATCH CLEAR 21MG (Omega Pharma),14,1,"£18,78"
2727998,GS2727998, NiQuitin Clear Step 1 Patch - 21mg, NIQUITIN PATCH CLEAR 21MG (Omega Pharma),7,1,"£9,97"
2728004,GS2728004, NiQuitin Clear Step 2 Patch - 14mg, NIQUITIN PATCH CLEAR 14MG (Omega Pharma),7,1,"£9,97"
2728012,GS2728012, NiQuitin Clear Step 3 Patch - 7mg, NIQUITIN PATCH CLEAR 7MG (Omega Pharma),7,1,"£9,97"
2885218,GS2885218, NiQuitin Fresh Mint 4mg Gum - 96, NIQUITIN GUM MINT 4MG (Omega Pharma),96,1,"£8,55"
2885200,GS2885200, NiQuitin Mint 2mg Gum - 96, NIQUITIN GUM MINT 2MG (Omega Pharma),96,1,"£8,55"
3745403,GS3745403, NiQuitin Pre-Quit Clear 21mg Patch 7 Patches, NIQUITIN PATCH PREQUIT 21MG (Omega Pharma),7,1,"£9,97"
2749539,GS2749539, Nitty Gritty Aromatherapy Head Lice Kit - 150ml, NITTY GRITTY HEAD LICE KIT (ALLOGA - CEUTA - OAKWOOD), 150ML (1),1,"£5,10"
2749554,GS2749554, Nitty Gritty Head Lice Repellent Spray - 250ml, NITTY GRITTY HEAD LICE DEFENCE (ALLOGA - CEUTA - OAKWOOD), 250ML (1),1,"£5,67"
3086121,PM3086121, Nurofen Back Pain Sustained Release Capsules - 24, NUROFEN BACK PAIN CAPS (Reckitt Benckiser ),24,1,"£4,20"
3808326,GS3808326, Nurofen Cold & Flu Relief 200mg/5mg Tablets 16 Tablets, NUROFEN COLD & FLU RELIEF (Reckitt Benckiser ),16,1,"£3,55"
3808334,GS3808334, Nurofen Day and Night Cold & Flu Tablets - 16, NUROFEN DAY & NIGHT C&F TAB (Reckitt Benckiser ),16,1,"£3,55"
3290988,PM3290988, Nurofen Express 200mg Liquid Capsules - 30, NUROFEN EXPRES LIQ CAP 200MG (Reckitt Benckiser ),30,1,"£4,39"
337667,SU0337667, ODOREATERS SUPERTUFF INSOLES, ODOREATERS SUPERTUFF INSOLES (DENDRON LTD), 1PR (1),1,"£2,52"
483065,SU0483065, ODOREATERS ULTRACOMFORT INSOLES, ODOREATERS ULTRACOMFORT INSOLES (DENDRON LTD), 1PR (1),1,"£2,21"
2794212,GS2794212, Olbas Blackcurrant Pastilles 40g, OLBAS BLACKCURRANT PASTILLES (G.R.LANE HEALTH PRODUCTS LTD.), 40G (1),1,"£1,66"
3388519,GS3388519, Oprex Actimist 2 in 1 Eye Spray 10ml, OPTREX ACTIMIST 2IN1 EYE SPRAY (Reckitt Benckiser ),1,1,"£9,91"
3388535,GS3388535, Optrex Multi Action Eye Wash 300ml, OPTREX EYE WASH MULTIACTION (Reckitt Benckiser ), 300ML (1),1,"£3,96"
3202538,GS3202538, Optrex Rehydrating Eye Drops for Dry Eyes 10ml, OPTREX EYE DROPS INTENSIVE (Reckitt Benckiser ), 10ML (1),1,"£3,23"
3345501,GS3345501, Otex Express Ear Drops 10ml, OTEX EXPRESS EAR DROPS (DENDRON LTD), 10ML (1),1,"£3,06"
2210979,GS2210979, Otrivine Adult Measured Dose Sinusitis Spray 10ml, OTRIVINE METERED SINUS SPRAY (Glaxo SmithKline Consumer), 10ML (1),1,"£2,55"
2979276,GS2979276, Panadol Actifast Tablets - 14, PANADOL ACTIFAST COMPACK (Glaxo SmithKline Consumer),14,1,"£1,79"
2342590,PM2342590, Panadol Night Tablets - 20, PANADOL NIGHTPAIN TAB (Glaxo SmithKline Consumer),20,1,"£2,61"
957142,GS0957142, Pearl Drops Smokers Stain Removing Whitening Gel, PEARL DROPS T/POLISH SMOKERS (CHURCH & DWIGHT UK LTD.), 50ML (1),1,"£1,38"
3126836,PM3126836, Pepto-Bismol Original Tabs, PEPTO BISMOL TABLETS (TEVA),24,1,"£3,67"
3137148,GS3137148, Perperation H Wipes 30, PREPARATION H WIPES (WYETH P LINES),30,1,"£2,45"
2110211,GS2110211, Phillips Milk of Magnesia Liquid - 200ml, MILK OF MAGNESIA MINT (Omega Pharma), 200ML (1),1,"£3,11"
3339199,PM3339199, Piriton Allergy Tablets - 60, PIRITON ALLERGY TABLETS (Glaxo SmithKline Consumer),60,1,"£3,56"
3664521,SU3664521, PROFOOT COMFORT INSOLES 2 PRS, PROFOOT COMFORT INSOLES 2 PRS (PROFOOT UK LTD), 2PR (1),1,"£1,74"
3568995,GS3568995, Quies Protection Auditive Foam Earplugs - 3, QUIES EARPLUGS FOAM (QUIES),6,1,"£2,10"
3567286,GS3567286, Regaine for Men Extra Strength - Single Pack, REGAINE FOR MEN (JOHNSON&JOHNSON LTD.), 60ML (1),1,"£19,84"
3289220,SU3289220, RENU MULTI-PURPOSE FLIGHT PACK, RENU MULTI-PURPOSE FLIGHT PACK (Bausch & Lomb), 60ML (2),1,"£2,83"
2905966,GS2905966, Replens Vaginal Moisturiser 6 Apps, Replens MD  - Vaginal Moisturiser (CHURCH & DWIGHT UK LTD.), 6 applicators,6,"£6,01"
800235,GS0800235, Safe & Sound Forehead Thermometer, SAFE&SOUND THERMOMETER F/HEAD (Paul Murray PLC),1,1,"£1,76"
3107836,SU3107836, Scholl Cotton Feel Flight Socks - Size 3 - 6, SCHOLL FLT SOCK COTTON 3-6 (Reckitt Benckiser ), 1PR (1),1,"£9,05"
3107844,SU3107844, Scholl Cotton Feel Flight Socks - Size 6.5 - 9, SCHOLL FLT SOCK COTTON 6.5-9 (Reckitt Benckiser ), 1PR (1),1,"£9,05"
3107869,SU3107869, Scholl Sheer Flight Socks - Size 4-6, SCHOLL FLT SOCKS SHEER 4-6 (Reckitt Benckiser ), 2PR (1),1,"£9,05"
3107851,SU3107851, Scholl Cotton Feel Flight Socks - Size 9.5 - 12, SCHOLL FLT SOCK COTTON 9.5-12 (Reckitt Benckiser ), 1PR (1),1,"£9,05"
3286135,SU3286135, Scholl Cracked Heel Repair Cream K + - 60ml, SCHOLL CRACKED HEEL REP CR K+ (Reckitt Benckiser ), 60ML (1),1,"£3,88"
3678745,SU3678745, Scholl Dry Skin Recovery Cream - 60ml, SCHOLL DRY SKIN RECOVERY CREAM (Reckitt Benckiser ), 60G (1),1,"£3,88"
3590569,SU3590569, SCHOLL SHOCK ABSORBING INSOLES, SCHOLL SHOCK ABSORBING INSOLES (Reckitt Benckiser ),1,1,"£3,95"
3352952,SU3352952, Scholl Toe Nail Scissors, SCHOLL TOE NAIL SCISSORS (Reckitt Benckiser ),1,1,"£5,17"
3214004,GS3214004, Senokot Max Strength Tabs 48, SENOKOT TAB MAX STRENGTH (Reckitt Benckiser ),48,1,"£5,17"
257543,PM0257543, Senokot Tablets - 100, SENOKOT TAB (Reckitt Benckiser ),100,1,"£5,49"
3780681,GS3780681, Sensodyne Daily Care Gel Toothpaste, SENSODYNE T/PST DCARE COOL GEL (Glaxo SmithKline Consumer), 75ML (1),1,"£2,73"
3780657,GS3780657, Sensodyne Gentle Whitening Fluoride Toothpaste, SENSODYNE T/PST GENTLE WHT (Glaxo SmithKline Consumer), 50ML (1),1,"£1,90"
2713923,GS2713923, Sensodyne Gentle Whitening Fluoride Toothpaste, SENSODYNE T/PST WHITENING (Glaxo SmithKline Consumer), 75ML (1),1,"£3,10"
3553013,SU3553013, Skins Assorted Condoms, SKINS ASSORTED (CREATIVE CONCEPTIONS LTD TA SKINS),12,1,"£3,65"
3553146,SU3553146, Skins Extra Large Condoms, SKINS EXTRA LARGE (CREATIVE CONCEPTIONS LTD TA SKINS),12,1,"£3,91"
3553070,SU3553070, Skins Natural Condoms, SKINS NATURAL (CREATIVE CONCEPTIONS LTD TA SKINS),12,1,"£3,65"
534230,GS0534230, Strepsils Honey & Lemon Lozenges - 16, STREPSILS HONEY & LEMON (Reckitt Benckiser ),24,1,"£2,39"
3292026,GS3292026, Strepsils Orange with Vitamin C Lozenges - 36, STREPSILS ORANGE + VITAMIN C (Reckitt Benckiser ),36,1,"£2,71"
3395829,GS3395829, Strepsils Strawberry Sugar Free Lozenges - 36, STREPSILS STRAWBERRY S/F (Reckitt Benckiser ),36,1,"£2,96"
3570611,GS3570611, Sudafed Blocked Nose Capsules - 24, SUDAFED BLOCKED NOSE CAPSULES (JOHNSON&JOHNSON LTD.),24,1,"£2,89"
3570603,PM3570603, Sudafed Decongestant Tablets - 12, SUDAFED DECONGESTANT TAB (JOHNSON&JOHNSON LTD.),12,1,"£1,98"
3570645,PM3570645, Sudafed Sinus Pressure & Pain Tablets - 24, SUDAFED SINUS AND PAIN (JOHNSON&JOHNSON LTD.),24,1,"£3,43"
3799210,GS3799210, Sudocrem Care & Protect Ointment, SUDOCREM CARE & PROTECT (TEVA), 50G (1),1,"£3,65"
2803252,SU2803252, SUPRANETTES EYE CLEANSE WIPES, SUPRANETTES EYE CLEANSE WIPES (ALCON EYE CARE MOV),20,1,"£2,59"
3467248,SU3467248, SWIM PLUGZ CHILD EARPLUGS, SWIM PLUGZ CHILD EARPLUGS (ROBINSONCARE),1,1,"£1,35"
2893634,SU2893634, TENA Men Level 2 Pads - 10, TENA FOR MEN LEVEL 2 (SCA HYGIENE PAPER LTD),10,1,"£3,71"
3151388,GS3151388, Thermacare Heat Wrap for Neck & Arms 3, THERMACARE NECK TO ARM (Wyeth Pharmaceuticals),2,1,"£3,91"
3595584,GS3595584, Ultra Chloraseptic Blackcurrant Throat Spray - 15ml, ULTRA CHLORASEPTIC SPR BCURRNT (ALLOGA - CEUTA), 15ML (1),1,"£3,21"
3782687,GS3782687, Vagisan Moisturising Cream, VAGISAN MOISTURISING CREAM (ACDOCO LTD), 50G (1),1,"£12,46"
2113991,GS2113991, Vaseline Intensive Care Lotion Essential Moisture - 400ml, VASELINE ESSENTIAL MILK (UNILEVER LTD), 400ML (1),1,"£3,80"
3594686,GS3594686, Wartner Walk and Verruca Remover 50ml, WARTNER WART & VERRUCA REMOVER (Omega Pharma), 50ML (1),1,"£8,40"
3028917,GS3028917, Windsetlers - 24 Capsules, WINDSETLERS GEL CAPS (Thornton & Ross),24,1,"£2,98"
480640,SU0480640, Wisdom Smokers Extra Hard Toothbrush, WISDOM T/BR SMOKERS (WISDOM TOOTHBRUSHES),1,1,"£0,90"
311787,GS0311787, Wright's Trad Coal Tar Soap 125g, WRIGHTS SOAP CRM TAR (ROBINSON YOUNG), 125G (8),1,"£0,55"
3133774,PM3133774, Zirtek Allergy Solution 150ml, ZIRTEK ALLERGY SOLUTION S/FREE (UCB Pharma), 150ML (1),1,"£3,70"
2225225,GS2225225, Zovirax Cold & Sore Cream Pump 2g, ZOVIRAX COLD SORE PUMP GSL (ACICLOVIR) (Glaxo SmithKline Consumer), 2G (1),1,"£4,28"
3520756,SU3520756, Savlon Spray Palster 40ml, N/A, N/A, N/A,"£3,69"
447664,GS0447664, Always Maxi Long Plus - 12, ALWAYS MAXI LONG PLUS (Procter & Gamble ),12,1,"£1,32"
444984,GS0444984, Always Maxi Normal Plus with Wings - 16, ALWAYS MAXI NORMAL PLUS (Procter & Gamble ),16,1,"£1,32"
3531738,PM3531738, Buscopan Cramps 20 Tablets, BUSCOPAN CRAMPS (Boehringer),20,1,"£2,64"
1030873,GS1030873, Calamine Lotion - 200ml, CARE CALAMINE LOTION BP (Thornton & Ross), 200ML (12),1,"£96,00"
3020328,PM3020328, Canesten Oral & Cream Duo 150mg - 10g, CANESTEN ORAL DUO PACK,1,1,"£8,26"
2764793,PM2764793, Clarityn Allergy Tablets (P) - 60, CLARITYN ALLERGY TABLETS,60,1,"£8,85"
3286168,GS3286168, Clearasil Ultra Deep Pore Treatment Scrub - 125ml, CLEARASIL ULTRA SCRUB WASH (Reckitt Benckiser ), 125ML (1),1,"£3,75"
2668721,GS2668721, Colief Infant Drops, COLIEF INFANT DROPS (FORUM HEALTH PRODUCTS LTD), 7ML (1),1,"£8,40"
153510,GS0153510, Compeed Blister Relief Medium 5's, COMPEED BLIS HYDRO MD (JOHNSON&JOHNSON LTD.),5,1,"£2,78"
2473296,GS2473296, Compeed Overnight Cracked Heel cream 75ml, COMPEED DRY/CRACK SKIN (JOHNSON&JOHNSON LTD.), 75ML (1),1,"£2,92"
3712148,GS3712148, Corsodyl daily Fresh Mint Mouthwash 500ml, CORSODYL DAILY M/W F/MINT A/F (Glaxo SmithKline Consumer), 500ML (1),1,"£3,03"
347013,GS0347013, Corsodyl Original Mouthwash - 300ml, CORSODYL M/WASH 0.2% (Glaxo SmithKline Consumer), 300ML (1),1,"£2,51"
880476,GS0880476, Cuticura Mildly Medicated Talcum Powder - 150g, CUTICURA MEDICATED TALC (GODREJ CONSUMER PRODUCTS), 150G (1),1,"£1,83"
3194057,GS3194057, Deep Heat Patches - 4, DEEP HEAT PATCH (ALLOGA - THE MENTHOLATUM CO LTD),4,1,"£3,91"
50294,GS0050294, Dioralyte Natural Powder Sachets - 6, Dioralyte  - Rehydration Salt Sachet (Sanofi-Aventis), 4 g sachet (natural) 6 units,6,"£2,25"
3668829,SU3668829, Durex Close Feel Condoms, DUREX CLOSE FEEL (Reckitt Benckiser ),10,1,"£5,71"
2380046,GS2380046, E45 Emollient Bath Oil - 250ml, E45 BATH (FORUM HEALTH PRODUCTS LTD), 250ML (1),1,"£3,19"
2533685,GS2533685, ENO Original Fruit Salts - 150g, ENO FRUIT SALTS (Glaxo SmithKline Consumer), 150G (1),1,"£2,21"
2343176,GS2343176, Eucerin Dry Skin Replenishing Cream 5% Urea - 75ml, EUCERIN UREA CRM 5% (Beiersdorf ), 75ML (1),1,"£5,72"
434845,GS0434845, Femfresh Deodorant Spray 125ml, FEMFRESH DEODORANT SPRAY (CHURCH & DWIGHT UK LTD.), 125ML (1),1,"£1,69"
3212891,GS3212891, Flexitol Hnd Balm - 55g, FLEXITOL HAND BALM (Thornton & Ross), 56G (1),1,"£3,33"
3229614,GS3229614, Gaviscon Double Action Mint Liquid - 300ml, GAVISCON DOUB LIQ MINT (Reckitt Benckiser ), 300ML (1),1,"£5,11"
476937,GS0476937, Gaviscon Peppermint Liquid Relief - 300ml, GAVISCON ORIG LIQ MINT (Reckitt Benckiser ), 300ML (1),1,"£4,33"
2390169,GS2390169, learasil Stayclear Skin Perfecting wash 150ml, CLEARASIL STAY CLR PERFCT WASH (Reckitt Benckiser ), 150ML (1),1,"£1,97"
365809,GS0365809, Lemsip Cold & Flu Blackcurrant Sachets - 10, LEMSIP COLD & FLU BLACKCURRANT (Reckitt Benckiser ),10,1,"£2,26"
3168226,GS3168226, Lemsip Max Cold & Flu Blackcurrant Sachets - 10, LEMSIP MAX SACH BLACKCURRANT (Reckitt Benckiser ),10,1,"£3,04"
2531101,GS2531101, Lemsip Max Cold & Flu Capsules, LEMSIP MAX CAPSULES (Reckitt Benckiser ),16,1,"£2,58"
3403094,GS3403094, Nicorette Invisi-Patch 25mg Nicotine Patches - 7, NICORETTE INVISIPATCH 25MG (JOHNSON&JOHNSON LTD.),7,1,"£9,97"
2815611,GS2815611, Oilatum Cream 500ml, Oilatum  - Emollient Cream (Glaxo SmithKline Consumer), 1 unit (500ml liquid),500,"£4,99"
2971059,GS2971059, Optrex Refreshing Eye drops for Tired eyes, OPTREX EYE DROPS REFRESHING (Reckitt Benckiser ), 10ML (1),1,"£2,90"
3342532,GS3342532, Optrex soothing eye drops for Itchy eyes, OPTREX EYE DROPS ITCHY EYES (Reckitt Benckiser ), 10ML (1),1,"£2,90"
2760270,GS2760270, Orajel Mouth Gel 5.3g, ORAJEL MOUTH GEL (CHURCH & DWIGHT UK LTD.), 5.3G,1,"£2,86"
800235,GS0800235, Safe & Sound Forehead Thermometer, SAFE&SOUND THERMOMETER F/HEAD (Paul Murray PLC),1,1,"£1,76"
3571650,SU3571650, Scholl Fungal Nail Treatment - 3.8ml, SCHOLL FUNGAL NAIL TREATMENT (Reckitt Benckiser ), 3.8ML (1),1,"£12,94"
3107885,SU3107885, Scholl Sheer Flight Socks - Size 6.5-8, SCHOLL FLT SOCK SHEER 6.5-8 (Reckitt Benckiser ), 2PR (1),1,"£9,05"
206466,GS0206466, Seabond Original Denture Fixative Lower Seals - 15, SEABOND DENT FIX LOWERS (ALLOGA - CEUTA),1,1,"£2,27"
206474,GS0206474, Seabond Original Denture Fixative Upper Seals - 15, SEABOND DENT FIX UPPERS (ALLOGA - CEUTA),1,1,"£2,27"
247031,GS0247031, TCP Liquid 200ml, TCP ANTISEPTIC LIQUID (Omega Pharma), 200ML (1),1,"£2,91"
3606050,SU3606050, TENA Lady Light Liners - 24, LIGHTS BY TENA LINER (SCA HYGIENE PAPER LTD),24,1,"£2,00"
2893642,SU2893642, TENA Men Level 1 Pads - 12, TENA MEN LEVEL 1 (SCA HYGIENE PAPER LTD),12,1,"£3,71"
3151677,GS3151677, Thermacare Heat Stretch Wrap for Lower Back & Hip - 2, THERMACARE BACK&HIP WRAP (Wyeth Pharmaceuticals),2,1,"£3,91"
3490240,PM3490240, Tixylix Chesty Cough 6 Years 100ml, TIXYLIX CHESTY COUGH  S/F (Glaxo SmithKline Consumer), 100ML (1),1,"£2,14"
367441,GS0367441, Vaseline Hand and Nail Lotion - 75ml, VASELINE HAND & NAIL (UNILEVER LTD), 75ML (1),1,"£3,89"
2921195,GS2921195, Veet Wax Strips with Easy Grip, VEET WAX STRIPS SENSITIVE (Reckitt Benckiser ),20,1,"£4,52"
3594678,GS3594678, Wartner Walk and Verruca Remover 1.5, WARTNER VERRUCA & WART REM PEN (Omega Pharma), 1.5ML (1),1,"£6,46"
2544716,GS2544716, Wind-eze 20 Capsules, WINDEZE GEL CAP (TEVA),20,1,"£2,71"
